id1,start1,end1,id2,start2,end2,E
thrL_annot,16,22,sroE,86,92,-0.52
thrB,150,156,sroE,60,66,-1.53
yaaX,176,184,sroE,2,10,-3.8
yaaA,14,21,sroE,57,64,-4.27
satP,21,27,sroE,32,38,-0.52
yaaW,85,91,sroE,86,92,-0.21
yaaI,186,192,sroE,72,78,-0.12
dnaJ,31,37,sroE,32,38,-0.72
nhaA_annot,166,172,sroE,86,92,-0.59
nhaR,178,189,sroE,15,25,-2.52
b0022,69,75,sroE,60,66,-2.15
rpsT_annot,2,8,sroE,6,12,-0.43
yaaY,115,121,sroE,4,10,-1.21
ribF_annot,42,48,sroE,30,36,-0.52
ileS_annot,647,653,sroE,2,8,-1.52
lspA_annot,48,56,sroE,2,10,-2.39
ispH,91,97,sroE,16,22,-2.4
rihC,52,58,sroE,32,38,-0.35
carB_annot,40,46,sroE,46,52,-3.26
caiF_annot,95,101,sroE,2,8,-0.64
caiE,192,199,sroE,50,57,-2.29
caiC,93,99,sroE,16,22,-0.84
caiB,67,73,sroE,32,38,-2.49
fixB,11,17,sroE,72,78,-0.29
fixC,43,49,sroE,2,8,-2.7
fixX,147,153,sroE,60,66,-5.34
yaaU_annot,157,163,sroE,59,65,-2.45
kefC,7,13,sroE,46,52,-2.27
folA_annot,56,65,sroE,1,10,-5.12
apaG_annot,135,198,sroE,31,82,-3.96
pdxA,78,84,sroE,2,8,-3.17
lptD_annot,320,326,sroE,2,8,-2.9
djlA,168,174,sroE,59,65,-2.77
yabP,87,93,sroE,18,24,-2.82
rluA,21,27,sroE,86,92,-0.63
rapA_annot,302,308,sroE,85,91,-0.09
araD,100,106,sroE,2,8,-3.71
araC_annot,138,144,sroE,86,92,-0.02
thiQ,36,42,sroE,2,8,-3.47
thiP,44,50,sroE,2,8,-0.58
sgrR_annot,130,136,sroE,1,7,-1.83
setA,9,15,sroE,4,10,-2.23
leuC,137,144,sroE,1,8,-4.23
leuB,185,191,sroE,46,52,-1.27
leuA,66,76,sroE,15,25,-5.42
leuO_annot,89,95,sroE,57,63,-3.09
ilvI_annot,290,296,sroE,16,22,-2.87
ilvH,1,8,sroE,59,66,-3.2
cra_annot,136,143,sroE,1,8,-2.06
mraZ_annot,5,11,sroE,18,24,-2.57
rsmH_annot,22,28,sroE,72,78,-1.96
ftsL_annot,65,74,sroE,15,25,-1.21
murE,88,96,sroE,17,25,-1.79
murF,15,21,sroE,47,53,-1.08
mraY,100,106,sroE,2,8,-1.87
murD,91,97,sroE,2,8,-2.24
ftsW,114,120,sroE,64,70,-1.02
murC,150,157,sroE,3,10,-1.5
ddlB,174,180,sroE,59,65,-2.16
ftsQ_annot,261,267,sroE,1,7,-3.1
ftsA_annot,332,338,sroE,1,7,-1.99
ftsZ_annot,397,403,sroE,57,63,-3.3
secA,98,104,sroE,32,38,-0.52
mutT,101,107,sroE,86,92,-0.9
yacG,190,196,sroE,1,7,-5.24
zapD,135,141,sroE,86,92,-0.75
coaE,44,51,sroE,30,37,-2.93
guaC,181,187,sroE,59,65,-3.59
hofB,175,182,sroE,2,9,-3.31
ppdD_annot,55,61,sroE,86,92,-0.61
ampD_annot,82,88,sroE,5,11,-0.34
aceE_annot,21,27,sroE,1,7,-4.63
aceF,13,19,sroE,86,92,-0.43
yacH,185,191,sroE,86,92,-0.28
acnB_annot,94,100,sroE,32,38,-0.36
yacL_annot,135,141,sroE,86,92,-1.01
speD,93,99,sroE,86,92,-0.08
speE,39,46,sroE,59,66,-6.18
yacC_annot,43,49,sroE,59,65,-5.04
cueO_annot,7,13,sroE,56,62,-1.46
gcd_annot,113,119,sroE,71,77,-0.1
yadG,19,26,sroE,3,10,-1.12
yadH,79,85,sroE,86,92,-0.05
yadI,99,105,sroE,59,65,-2.57
yadE,157,163,sroE,2,8,-4.86
panD_annot,44,50,sroE,86,92,-0.6
panC,93,102,sroE,1,10,-4.24
panB_annot,24,31,sroE,1,8,-3.89
yadC,20,26,sroE,46,52,-0.28
yadK,112,118,sroE,72,78,-0.89
yadL,53,59,sroE,31,37,-1.82
yadM,177,183,sroE,60,66,-3.02
yadV_annot,35,41,sroE,57,63,-1
folK,52,58,sroE,32,38,-0.79
pcnB_annot,240,246,sroE,58,64,-2.9
gluQ,78,85,sroE,3,10,-4.26
dksA_annot,44,51,sroE,3,10,-3.02
sfsA_annot,120,127,sroE,71,78,-0.37
ligT,193,199,sroE,17,23,-0.56
hrpB,28,37,sroE,15,24,-1.01
fhuA_annot,7,15,sroE,1,9,-4.84
fhuC,3,10,sroE,16,23,-3.87
fhuD,6,12,sroE,32,38,-1.3
yadS,172,178,sroE,4,10,-1.51
btuF,178,184,sroE,5,11,-1.33
mtn_annot,31,37,sroE,86,92,-0.48
degP_annot,11,17,sroE,1,7,-3.07
yaeH,189,195,sroE,85,91,-0.08
yaeI,51,57,sroE,30,36,-0.56
dapD_annot,71,77,sroE,46,52,-0.46
map,191,197,sroE,2,8,-2.68
rpsB,115,121,sroE,30,36,-0.52
frr_annot,147,153,sroE,32,38,-0.59
dxr,93,100,sroE,57,64,-3.54
ispU_annot,121,127,sroE,59,65,-0.7
rseP_annot,169,175,sroE,1,7,-0.07
bamA_annot,3,16,sroE,46,58,-3.6
skp_annot,28,34,sroE,86,92,-0.89
fabZ,55,61,sroE,46,52,-1
lpxB,78,84,sroE,72,78,-0.55
dnaE,117,124,sroE,30,37,-1.99
yaeR,96,102,sroE,1,7,-2.76
yaeQ_annot,78,84,sroE,61,67,-0.94
arfB,160,167,sroE,30,37,-3.11
nlpE,84,90,sroE,86,92,-0.75
proS_annot,116,122,sroE,17,23,-1.01
tsaA,129,135,sroE,1,7,-2.48
rcsF,151,157,sroE,2,8,-2.9
metQ,177,183,sroE,86,92,-0.53
metI,85,91,sroE,86,92,-0.59
metN_annot,46,52,sroE,61,67,-1.42
yafC,30,36,sroE,5,11,-0.04
yafS,78,84,sroE,60,66,-3.28
yafT,25,32,sroE,18,25,-1.43
ykfM,127,153,sroE,48,73,-10.08
yafU,160,166,sroE,61,67,-1.09
yafF,189,195,sroE,86,92,-0.59
ivy,127,133,sroE,58,64,-2.4
fadE_annot,145,152,sroE,1,8,-4.37
gmhA,190,196,sroE,72,78,-1.1
yafJ,39,45,sroE,85,91,-0.01
yafK,126,132,sroE,59,65,-1.16
yafQ,43,50,sroE,59,66,-1.56
dinJ_annot,10,16,sroE,4,10,-0.98
yafL,9,15,sroE,2,8,-2.87
rayT,98,104,sroE,46,52,-1.71
lafU,17,23,sroE,4,10,-2.02
yafN_annot,78,84,sroE,4,10,-1.41
yafO,193,200,sroE,58,65,-5.28
yafP,116,122,sroE,86,92,-0.59
prfH,152,164,sroE,61,73,-1.73
gpt_annot,16,22,sroE,63,69,-0.65
frsA_annot,86,93,sroE,71,78,-1.58
phoE_annot,33,39,sroE,2,8,-2.27
proB,6,12,sroE,46,52,-1.78
ykfN,98,105,sroE,31,38,-2.55
ykfI,101,107,sroE,86,92,-0.77
yafW,141,154,sroE,50,74,-1.19
ykfG,38,44,sroE,46,52,-2.57
ykfB_annot,92,98,sroE,63,69,-1.78
ykfL,17,23,sroE,60,66,-1.69
ykfK,4,10,sroE,86,92,-0.76
ykfA,36,42,sroE,30,36,-2.51
perR,156,162,sroE,32,38,-0.5
insI1,10,16,sroE,86,92,-0.65
mmuP,68,74,sroE,58,64,-0.83
mmuM,40,46,sroE,1,7,-3
afuC,50,56,sroE,4,10,-5.04
b0265,69,75,sroE,60,66,-2.43
insI1,66,74,sroE,30,38,-4.79
insX,112,118,sroE,1,7,-3.57
yagA,142,148,sroE,4,10,-2.62
yagE,112,119,sroE,1,8,-3
yagG,177,183,sroE,59,65,-4.94
yagH,49,55,sroE,18,24,-1.26
argF_annot,20,26,sroE,46,52,-2.66
ykgS,182,188,sroE,86,92,-0.43
b0275,69,75,sroE,60,66,-1.85
yagJ,64,72,sroE,30,38,-4.71
yagK_annot,28,35,sroE,85,92,-0.61
yagL,19,25,sroE,60,66,-2.59
yagM,15,21,sroE,59,65,-1.52
intF,100,106,sroE,58,64,-1.65
paoD,103,109,sroE,32,38,-1.88
paoB,49,55,sroE,30,36,-1.09
yagU,174,180,sroE,1,7,-1.81
ykgJ,117,123,sroE,30,36,-0.17
ecpE,99,105,sroE,3,9,-1.18
ecpC,181,187,sroE,71,77,-0.94
ecpB_annot,14,20,sroE,72,78,-1.34
ecpA_annot,161,167,sroE,59,65,-3.51
ykgL,47,53,sroE,2,8,-1.06
ykgM_annot,2,9,sroE,1,8,-1.4
ykgR_annot,29,35,sroE,19,25,-0.41
ykgP,72,80,sroE,1,9,-3.84
eaeH,98,104,sroE,60,66,-5.08
insE1,189,196,sroE,59,66,-2.68
ykgQ,117,123,sroE,86,92,-0.92
rclB,141,147,sroE,1,7,-1.43
rclA_annot,136,142,sroE,1,7,-2.92
rclR,153,159,sroE,86,92,-0.65
ykgE,192,198,sroE,4,10,-3.54
ykgF,163,172,sroE,30,39,-3.59
ykgG,110,116,sroE,17,23,-3.7
ykgH,98,104,sroE,32,38,-0.58
betB,127,134,sroE,30,37,-1.12
yahA_annot,518,524,sroE,57,63,-3.39
yahB,7,13,sroE,85,91,-0.19
yahC,158,168,sroE,57,66,-2.29
yahD,164,170,sroE,86,92,-0.48
yahF,4,10,sroE,86,92,-1.22
yahG,132,138,sroE,1,7,-3.04
yahI,101,107,sroE,86,92,-0.27
yahK,27,33,sroE,61,67,-1.3
yahL,12,18,sroE,2,8,-4.89
yahO_annot,53,59,sroE,86,92,-0.61
prpR_annot,47,53,sroE,61,67,-0.93
prpB_annot,122,130,sroE,30,38,-1.74
prpD,162,168,sroE,4,10,-0.9
codA,5,11,sroE,72,78,-1.12
cynS,28,34,sroE,3,9,-2
cynX,71,77,sroE,46,52,-1.57
lacA,194,200,sroE,60,66,-3.49
lacY,148,175,sroE,50,72,-3.76
lacI_annot,41,47,sroE,1,7,-4.29
mhpR_annot,172,178,sroE,59,65,-3.87
mhpA_annot,21,27,sroE,57,63,-2.58
mhpB,164,171,sroE,15,22,-0.86
mhpC,14,20,sroE,1,7,-1.62
mhpD,46,69,sroE,50,77,-1.91
frmA,106,112,sroE,4,10,-3.29
frmR,17,23,sroE,59,65,-3.93
yaiO,113,119,sroE,1,7,-2.51
insC1,105,111,sroE,60,66,-0.25
yaiP,135,141,sroE,59,65,-1.28
yaiS,40,46,sroE,4,10,-0.09
tauA_annot,10,45,sroE,4,33,-9.34
tauB,62,68,sroE,2,8,-3.55
tauC,187,193,sroE,2,8,-3.52
tauD,59,65,sroE,2,8,-3.95
hemB,72,79,sroE,62,69,-2.29
insF1,35,43,sroE,2,10,-1.54
insE1,77,84,sroE,57,64,-1.38
yaiV,147,153,sroE,58,64,-1.71
sbmA_annot,30,36,sroE,32,38,-2.01
yaiW,2,8,sroE,60,66,-0.37
yaiY,158,164,sroE,72,78,-2.35
yaiZ_annot,71,77,sroE,1,7,-0.85
iraP_annot,27,33,sroE,59,65,-1.74
phoA_annot,12,18,sroE,60,66,-0.98
psiF,156,163,sroE,71,78,-0.56
rdgC,59,65,sroE,32,38,-2.85
sbcC,101,107,sroE,86,92,-0.12
brnQ_annot,158,164,sroE,1,7,-0.88
proY,145,151,sroE,30,36,-1.05
malZ_annot,22,28,sroE,59,65,-0.41
acpH,174,181,sroE,30,37,-2.57
queA_annot,30,36,sroE,2,8,-2.5
tgt_annot,72,78,sroE,86,92,-0.76
secD,78,104,sroE,46,76,-2.28
secF,7,15,sroE,58,66,-6.78
yajD,23,29,sroE,60,66,-1.59
tsx_annot,88,94,sroE,4,10,-1.86
yajI,17,23,sroE,71,77,-0.07
ribE_annot,26,32,sroE,58,64,-2.62
nusB,53,59,sroE,60,66,-3.23
thiL,162,168,sroE,60,66,-0.26
pgpA,120,126,sroE,86,92,-0.01
yajO,133,139,sroE,3,9,-1.35
xseB_annot,45,52,sroE,16,23,-0.53
thiI_annot,148,154,sroE,86,92,-0.82
panE,40,46,sroE,30,36,-1.14
yajR_annot,51,57,sroE,16,22,-5.63
cyoE,103,109,sroE,58,64,-2.89
cyoD,15,21,sroE,4,10,-1.49
cyoA_annot,63,69,sroE,86,92,-0.47
ampG,50,56,sroE,2,8,-5.8
bolA_annot,102,108,sroE,1,7,-3.09
tig_annot,100,107,sroE,85,92,-0.48
clpP_annot,103,139,sroE,9,38,-2.05
hupB_annot,211,217,sroE,46,52,-1.48
ppiD_annot,49,55,sroE,2,8,-0.09
queC,186,192,sroE,4,10,-0.13
ybaE,130,136,sroE,72,78,-0.21
amtB,116,122,sroE,86,92,-0.93
ybaY,108,115,sroE,30,37,-1.61
ybaZ,89,95,sroE,4,10,-1.18
maa,158,164,sroE,1,7,-2.65
acrB_annot,136,142,sroE,4,10,-3.06
ybaM,38,44,sroE,46,52,-1.68
ybaN,40,46,sroE,61,67,-1.54
apt_annot,94,100,sroE,30,36,-0.19
ybaB_annot,114,120,sroE,2,8,-2.61
recR,16,22,sroE,32,38,-0.44
htpG_annot,149,156,sroE,1,8,-4.6
gsk,193,199,sroE,71,77,-1.66
ybaL_annot,61,67,sroE,5,11,-1.03
fsr,31,37,sroE,2,8,-1.15
ushA,114,123,sroE,16,25,-2.71
ybaP,13,20,sroE,31,38,-3.99
copA_annot,25,32,sroE,57,64,-2.69
ybaT,29,35,sroE,59,65,-3.75
cueR,84,90,sroE,16,22,-1.63
fetB,26,32,sroE,86,92,-1.05
ybbN_annot,117,124,sroE,16,23,-2.47
tesA_annot,199,207,sroE,57,65,-6.63
ybbP,11,17,sroE,2,8,-3.1
rhsD,2,8,sroE,86,92,-1.3
rhsH,70,76,sroE,57,63,-2.59
ybbD,194,200,sroE,31,37,-0.99
ylbI,16,22,sroE,60,66,-2.76
mnmH,49,55,sroE,2,8,-2.06
allS_annot,5,11,sroE,4,10,-1.86
allA_annot,40,48,sroE,2,10,-0.83
allR,174,180,sroE,19,25,-0.54
hyi,125,132,sroE,59,66,-4.69
ybbW,68,74,sroE,1,7,-0.92
allB,154,162,sroE,1,9,-2.88
glxK,154,160,sroE,1,7,-2.69
allE,93,99,sroE,33,39,-0.35
allC,46,52,sroE,32,38,-2.28
allD_annot,1,7,sroE,2,8,-2.91
fdrA,194,200,sroE,58,64,-3.83
ylbE,54,60,sroE,86,92,-0.88
ybcF,150,159,sroE,15,24,-6.79
purK,16,22,sroE,86,92,-1
lpxH,64,70,sroE,1,7,-2.34
ppiB,19,25,sroE,32,38,-0.67
ybcI,98,104,sroE,32,38,-1.78
ybcJ,131,137,sroE,2,8,-2.67
sfmA,31,37,sroE,60,66,-4.47
sfmC,29,35,sroE,86,92,-0.41
insE1,189,196,sroE,59,66,-2.68
emrE,5,11,sroE,86,92,-0.6
ybcK,82,88,sroE,2,8,-3.39
ybcN,1,8,sroE,30,37,-2.07
ybcO,65,71,sroE,86,92,-0.76
ylcG,33,40,sroE,1,8,-4.91
essD_annot,487,495,sroE,62,70,-4.05
rrrD,164,171,sroE,59,66,-5.09
rzpD,22,28,sroE,30,36,-0.69
rzoD,57,63,sroE,59,65,-0.72
borD_annot,29,35,sroE,86,92,-0.32
ybcV,47,53,sroE,86,92,-0.14
ybcW,192,198,sroE,1,7,-3.53
ylcI,47,53,sroE,86,92,-1.02
nohD,190,197,sroE,17,24,-3.76
aaaD,51,57,sroE,47,53,-1.39
ybcY,101,107,sroE,86,92,-0.44
appY_annot,16,22,sroE,86,92,-0.38
ybcH,46,52,sroE,72,78,-0.96
nfrA,15,40,sroE,51,78,-1.88
nfrB,114,123,sroE,57,66,-3.4
cusF,123,129,sroE,59,65,-1.96
cusB,101,107,sroE,86,92,-0.34
cusA,157,164,sroE,1,8,-5.41
pheP_annot,121,129,sroE,2,10,-1.02
ybdG,96,102,sroE,1,7,-0.34
ybdF,192,198,sroE,57,63,-0.32
ybdJ,94,100,sroE,59,65,-2.66
ybdK,120,126,sroE,57,63,-2.45
entD,137,143,sroE,30,36,-0.61
fepA_annot,34,40,sroE,86,92,-0.07
fes_annot,128,134,sroE,58,64,-2.25
entF,192,200,sroE,2,10,-3.58
fepE,91,97,sroE,32,38,-0.67
fepG,89,96,sroE,17,24,-1.53
fepB_annot,87,94,sroE,59,66,-1.72
entE,94,100,sroE,19,25,-1.99
entB,193,200,sroE,1,8,-1.98
entA,178,184,sroE,17,23,-2.52
ybdD,18,24,sroE,2,8,-2.14
ybdL,95,101,sroE,86,92,-0.41
ybdM,65,71,sroE,1,7,-2.42
ybdN_annot,49,56,sroE,58,65,-5.36
ybdO,146,152,sroE,32,38,-0.98
dsbG_annot,225,232,sroE,59,66,-4.3
ahpF_annot,727,733,sroE,58,64,-2.33
uspG_annot,62,68,sroE,60,66,-1.8
ybdR,129,136,sroE,3,10,-3.88
rnk,6,12,sroE,4,10,-2.46
rna_annot,3,9,sroE,60,66,-4.89
citT,159,167,sroE,57,66,-4.34
citG,182,188,sroE,46,52,-1.48
citX,69,76,sroE,59,66,-3.93
citE,148,155,sroE,1,8,-3.52
citD,101,107,sroE,86,92,-1.04
citC_annot,158,164,sroE,30,36,-3.19
citA_annot,250,256,sroE,59,65,-4.22
pagP_annot,14,21,sroE,57,64,-1.3
cspE_annot,234,241,sroE,30,37,-2.2
flc,99,105,sroE,59,65,-3.97
tatE,172,178,sroE,4,10,-0.55
ybeD_annot,43,51,sroE,2,10,-3.1
rlpA,70,76,sroE,1,7,-1.37
mrdB,27,33,sroE,32,38,-1.03
mrdA,85,91,sroE,86,92,-0.44
nadD,22,28,sroE,60,66,-4.9
leuS,98,104,sroE,46,52,-2.4
ybeQ,174,180,sroE,18,24,-4.25
ybeR,22,28,sroE,4,10,-1.87
djlB,101,107,sroE,86,92,-0.79
ybeT,113,119,sroE,60,66,-3.11
ybeU,58,64,sroE,86,92,-0.57
djlC,108,114,sroE,2,8,-0.55
hscC,43,49,sroE,2,8,-4.66
rihA,183,189,sroE,60,66,-1.04
gltL,116,123,sroE,57,64,-4.01
gltI_annot,155,161,sroE,4,10,-2.2
ybeY,135,141,sroE,86,92,-1.06
ubiF,34,40,sroE,1,7,-3.7
nagC_annot,169,175,sroE,2,8,-2.92
nagA_annot,92,98,sroE,59,65,-4.21
nagB_annot,47,53,sroE,85,91,-0.48
nagE_annot,53,59,sroE,86,92,-0.89
glnS_annot,66,73,sroE,1,8,-3.63
chiP_annot,20,27,sroE,71,78,-2.54
chiQ,101,107,sroE,86,92,-0.96
fur_annot,171,177,sroE,5,11,-1.89
fldA_annot,136,142,sroE,86,92,-0.01
pgm,16,23,sroE,31,38,-3.15
ybfP,165,171,sroE,30,36,-1.77
speF,192,198,sroE,60,66,-4.52
ybfK,36,42,sroE,32,38,-1.99
kdpD,97,103,sroE,61,67,-0.3
kdpC,109,115,sroE,4,10,-0.1
kdpB,164,170,sroE,86,92,-0.54
kdpA,44,51,sroE,57,64,-2.02
kdpF_annot,61,68,sroE,57,64,-0.61
ybfB,169,175,sroE,30,36,-2.14
rhsO,180,197,sroE,55,69,-0.76
ybfC,101,107,sroE,86,92,-0.4
ybfL,7,13,sroE,3,9,-0.44
ybfD,6,12,sroE,3,9,-0.27
ybgA_annot,40,46,sroE,72,78,-0.66
phr_annot,33,39,sroE,1,7,-2.63
dtpD,67,73,sroE,4,10,-1.57
ybgI_annot,209,215,sroE,86,92,-0.77
ybgJ,41,47,sroE,60,66,-2.1
ybgK,4,10,sroE,32,38,-2.51
ybgL,66,72,sroE,1,7,-3.7
nei,75,81,sroE,86,92,-0.75
abrB,180,186,sroE,71,77,-0.76
ybgO,52,58,sroE,71,77,-0.55
ybgP,192,198,sroE,72,78,-0.57
ybgQ,194,200,sroE,72,78,-0.22
gltA_annot,382,388,sroE,1,7,-1.56
sdhC_annot,308,315,sroE,3,10,-5
sdhD_annot,21,27,sroE,4,10,-2.25
sucB,191,197,sroE,32,38,-2.2
sucD,117,123,sroE,86,92,-0.58
mngA_annot,264,270,sroE,1,7,-1.51
mngB,175,181,sroE,4,10,-3.96
cydA_annot,287,293,sroE,59,65,-1.73
ybgE,194,200,sroE,57,63,-3.3
ybgC,3,14,sroE,63,75,-2.74
tolQ,158,166,sroE,2,10,-1.57
nadA_annot,95,101,sroE,86,92,-0.21
pnuC,8,14,sroE,15,21,-0.82
ybgS,101,110,sroE,83,92,-0.27
gpmA_annot,33,39,sroE,86,92,-0.69
galM,68,74,sroE,3,9,-0.68
galK_annot,33,40,sroE,3,10,-0.65
galT,26,32,sroE,61,67,-2.36
galE_annot,8,14,sroE,86,92,-0.66
modE,123,129,sroE,63,69,-0.34
acrZ_annot,22,28,sroE,2,8,-1.44
modA_annot,183,189,sroE,59,65,-4.53
modC,98,104,sroE,32,38,-0.2
ybhA,48,54,sroE,60,66,-2.07
ybhH,6,12,sroE,1,7,-2.79
ybhI,105,111,sroE,86,92,-0.06
ybhJ,125,131,sroE,57,63,-2.03
bioA_annot,82,88,sroE,30,36,-3.79
bioC,43,50,sroE,71,78,-0.7
bioD,109,115,sroE,1,7,-3.62
ybhK,108,116,sroE,30,38,-2.09
moaA_annot,11,17,sroE,33,39,-0.57
moaB_annot,39,47,sroE,30,38,-1.99
moaC,120,126,sroE,72,78,-0.2
ybhL_annot,54,61,sroE,31,38,-2.41
ybhM,106,112,sroE,32,38,-2.02
clsB,168,175,sroE,58,65,-3.13
ybhP,98,104,sroE,32,38,-0.21
ybhQ_annot,1,7,sroE,86,92,-0.95
ybhR,101,107,sroE,57,63,-3.3
ybhG,16,22,sroE,86,92,-0.6
rhlE,8,17,sroE,64,74,-2.89
ybiA,131,138,sroE,31,38,-1.99
ybiC,165,182,sroE,16,33,-1.28
ybiJ,70,76,sroE,31,37,-1.34
fiu_annot,161,167,sroE,3,9,-4.7
rlmF,55,64,sroE,1,10,-6.42
ybiO,98,104,sroE,32,38,-0.29
glnQ_annot,96,102,sroE,59,65,-0.2
glnP,27,33,sroE,16,22,-0.53
glnH_annot,81,88,sroE,3,10,-2.49
rhtA,112,118,sroE,4,10,-2
ompX_annot,242,248,sroE,86,92,-0.24
opgE,111,117,sroE,63,69,-2.32
mntS_annot,28,41,sroE,56,70,-3.72
mntR_annot,173,182,sroE,16,25,-3.79
ybiR,42,48,sroE,2,8,-3.02
ybiY,115,122,sroE,71,78,-2.11
fsaA,148,154,sroE,4,10,-2.77
moeB,80,87,sroE,1,8,-2.49
moeA_annot,49,55,sroE,60,66,-0.74
iaaA_annot,13,25,sroE,56,69,-1.25
gsiB,35,41,sroE,4,10,-1.39
gsiC,108,117,sroE,1,10,-3.85
gsiD,170,176,sroE,30,36,-1.75
yliF,191,197,sroE,86,92,-0.42
bssR,152,158,sroE,2,8,-2.68
yliI,20,26,sroE,3,9,-1.24
gstB_annot,76,82,sroE,86,92,-1.08
dacC_annot,23,29,sroE,32,38,-2.3
mdfA_annot,5,11,sroE,86,92,-0.06
ybjH,180,186,sroE,60,66,-2.61
ybjJ,64,70,sroE,59,65,-3.45
rcdA,20,26,sroE,4,10,-2.89
ybjM,194,200,sroE,54,60,-0.68
nfsA,76,82,sroE,3,9,-3.8
rimK_annot,42,48,sroE,60,66,-4.11
ybjN,146,152,sroE,61,67,-0.14
potF_annot,98,104,sroE,60,66,-4.08
potG,68,96,sroE,51,75,-0.15
potH,32,38,sroE,17,23,-1.47
potI,27,35,sroE,2,10,-2.76
rlmC,94,100,sroE,60,66,-4.45
artJ_annot,21,27,sroE,33,39,-0.58
artQ,41,47,sroE,86,92,-0.58
artI,121,127,sroE,2,8,-2.85
ybjP_annot,133,139,sroE,86,92,-0.29
ybjQ_annot,73,81,sroE,31,39,-1.95
amiD,87,93,sroE,86,92,-0.26
ybjS,70,77,sroE,1,8,-3.52
ybjT,83,89,sroE,2,8,-3.91
poxB_annot,121,127,sroE,61,67,-0.06
hcr,118,124,sroE,72,78,-0.57
hcp_annot,257,263,sroE,2,8,-2.61
ybjE_annot,37,45,sroE,57,66,-1.72
aqpZ,123,130,sroE,57,64,-2.56
ybjD,29,35,sroE,4,10,-2.46
ybjX,58,65,sroE,2,9,-2.3
macA,131,138,sroE,1,8,-3.84
macB,26,32,sroE,59,65,-5.16
cspD_annot,7,14,sroE,18,25,-2.98
clpS,12,18,sroE,4,10,-2.27
clpA_annot,173,182,sroE,16,25,-2.21
infA_annot,119,125,sroE,57,63,-3.52
aat,29,35,sroE,1,7,-4
lrp_annot,216,223,sroE,57,64,-3.09
ftsK_annot,105,112,sroE,1,8,-0.89
rarA,78,84,sroE,72,78,-0.24
dmsA_annot,39,45,sroE,60,66,-3.25
dmsB,21,55,sroE,48,78,-0.82
ycaC,126,132,sroE,86,92,-0.53
ycaD,41,49,sroE,57,65,-6.53
ycaM,183,189,sroE,1,7,-3.35
ycaN,13,19,sroE,2,8,-3.62
ycaK,35,42,sroE,3,10,-5.1
pflB_annot,340,346,sroE,86,92,-0.54
focA_annot,332,338,sroE,86,92,-0.66
ycaP,41,47,sroE,46,52,-2.04
ycaL,44,50,sroE,60,66,-4.12
cmk_annot,2,8,sroE,2,8,-1.41
rpsA_annot,355,361,sroE,1,7,-3.25
ihfB_annot,155,161,sroE,86,92,-0.75
ycaI,117,123,sroE,60,66,-1.23
kdsB,49,55,sroE,59,65,-1.62
ycbJ_annot,148,154,sroE,86,92,-0.88
elyC,153,159,sroE,59,65,-1.6
mukF,16,23,sroE,1,8,-5.61
mukE,188,194,sroE,3,9,-1.47
mukB,189,195,sroE,71,77,-1.19
ldtD_annot,48,54,sroE,1,7,-3.42
ycbK_annot,63,70,sroE,71,78,-0.7
aspC_annot,32,39,sroE,3,10,-0.79
ompF_annot,83,89,sroE,86,92,-0.23
asnS_annot,64,70,sroE,1,7,-0.19
pncB_annot,10,16,sroE,58,64,-3.16
pepN_annot,117,123,sroE,72,78,-2.8
ssuA,57,63,sroE,59,65,-1.79
ssuE_annot,9,15,sroE,60,66,-4.79
elfA,69,75,sroE,32,38,-1.44
elfC,172,178,sroE,58,64,-2.7
elfG,161,168,sroE,59,66,-3.87
ycbU,190,196,sroE,30,36,-0.13
ycbV,99,105,sroE,59,65,-0.97
zapC,194,200,sroE,3,9,-3.61
ycbX,55,61,sroE,4,10,-0.6
pqiA_annot,356,362,sroE,32,38,-2.27
pqiB,20,28,sroE,57,65,-5.98
pqiC,27,33,sroE,61,67,-1.22
matP_annot,120,126,sroE,86,92,-0.43
ompA_annot,126,133,sroE,16,23,-5.03
sulA_annot,26,32,sroE,4,10,-1.19
sxy_annot,31,37,sroE,1,7,-0.62
yccS,15,21,sroE,4,10,-1.61
yccF_annot,7,14,sroE,18,25,-1.1
helD_annot,1,7,sroE,86,92,-0.77
yccU,67,75,sroE,30,38,-4.39
hspQ,35,41,sroE,4,10,-1.32
rlmI,113,120,sroE,59,66,-2.56
yccA_annot,22,32,sroE,57,67,-2.7
hyaA_annot,183,189,sroE,46,52,-1.26
hyaC,189,195,sroE,59,65,-4.24
hyaD,15,21,sroE,4,10,-0.78
cbdB,98,104,sroE,4,10,-0.29
cbdX,37,43,sroE,16,22,-0.96
etk,109,115,sroE,85,91,-0.12
gfcD,156,162,sroE,32,38,-0.79
gfcC,115,121,sroE,32,38,-1.5
gfcA_annot,245,268,sroE,46,77,-6.52
b4516,4,10,sroE,57,63,-4.82
insB1,173,196,sroE,46,77,-8.11
ymcE,2,8,sroE,60,66,-5.51
yccM,4,10,sroE,86,92,-1.22
torT,135,141,sroE,3,9,-2.09
torC_annot,26,32,sroE,32,38,-1.19
torA,127,133,sroE,4,10,-2.02
cbpM,106,112,sroE,59,65,-2.01
yccE,167,173,sroE,86,92,-0.75
agp_annot,15,21,sroE,16,22,-1.33
yccJ,126,132,sroE,4,10,-1.77
ymdF,52,58,sroE,2,8,-3.85
rutG,105,111,sroE,59,65,-2.29
rutD,147,153,sroE,59,65,-0.8
rutA_annot,73,79,sroE,86,92,-0.13
rutR_annot,145,151,sroE,86,92,-0.75
putP_annot,154,160,sroE,59,65,-2.69
efeU_annot,138,145,sroE,18,25,-4.28
efeB,96,102,sroE,1,7,-3.28
phoH_annot,9,16,sroE,57,64,-3.18
pgaD,188,194,sroE,1,7,-4.25
pgaB,7,13,sroE,71,77,-1.47
ycdT_annot,36,42,sroE,86,92,-0.24
insE1,77,84,sroE,57,64,-1.38
ycdU,57,65,sroE,30,38,-1.57
ghrA,48,54,sroE,33,39,-0.8
ycdX,98,104,sroE,4,10,-0.43
ycdY,1,7,sroE,57,63,-4.74
csgG,128,136,sroE,2,10,-4.11
csgF,35,41,sroE,1,7,-3.08
csgE,106,112,sroE,1,7,-2.95
csgD_annot,123,153,sroE,3,38,-4.68
csgB_annot,28,34,sroE,2,8,-1.06
csgA,134,140,sroE,32,38,-0.28
csgC,106,113,sroE,1,8,-3.34
ymdB,20,27,sroE,2,9,-4.53
clsC_annot,114,120,sroE,60,66,-3.43
opgC,22,28,sroE,60,66,-0.41
opgG_annot,110,116,sroE,59,65,-3.23
opgH,1,10,sroE,83,92,-0.54
mdtG,40,46,sroE,60,66,-1.97
lpxL_annot,168,175,sroE,1,8,-3.37
yceA_annot,28,34,sroE,30,36,-3.24
yceI,1,31,sroE,6,36,-1.78
solA_annot,79,85,sroE,32,38,-1.45
bssS_annot,46,107,sroE,44,92,-2.85
pyrC_annot,128,134,sroE,30,36,-0.48
mdtH,11,17,sroE,86,92,-0.44
rimJ_annot,40,46,sroE,58,64,-3.51
yceH,41,47,sroE,4,10,-3.22
yceM,101,107,sroE,86,92,-0.87
murJ,143,149,sroE,57,63,-1.66
flgM_annot,18,26,sroE,61,69,-2
flgA_annot,1,7,sroE,86,92,-1.1
flgB_annot,50,56,sroE,3,9,-1.22
flgC,43,49,sroE,2,8,-1.57
flgD,26,32,sroE,59,65,-1.95
flgE,150,157,sroE,59,66,-5.94
flgF,97,107,sroE,57,67,-2.34
flgG,65,71,sroE,30,36,-0.93
flgH,98,104,sroE,46,52,-1.24
flgI,178,184,sroE,59,65,-4.22
flgJ,6,12,sroE,61,67,-2.17
rne_annot,479,485,sroE,60,66,-5.01
yceQ,91,97,sroE,16,22,-3.07
rluC,51,57,sroE,86,92,-0.62
yceD_annot,16,22,sroE,58,64,-1.1
fabH_annot,15,21,sroE,33,39,-0.5
fabG,97,103,sroE,33,39,-0.4
acpP_annot,59,65,sroE,2,8,-4.08
fabF,136,143,sroE,1,8,-1.05
yceG,54,60,sroE,1,7,-4.44
holB,173,179,sroE,30,36,-2.82
ycfH,62,68,sroE,1,7,-3.66
ptsG_annot,47,53,sroE,57,63,-1.71
ycfL,41,47,sroE,30,36,-0.92
lpoB,143,149,sroE,57,63,-3.39
thiK,169,178,sroE,5,14,-2.25
nagZ,87,93,sroE,86,92,-0.44
ndh_annot,88,96,sroE,2,10,-3.36
ycfJ,110,117,sroE,59,66,-5.76
mfd_annot,81,89,sroE,30,38,-1.25
ycfT,139,145,sroE,4,10,-1.25
lolD,94,102,sroE,1,9,-5.26
nagK,172,178,sroE,86,92,-0.19
cobB,27,33,sroE,86,92,-0.12
ycfZ,22,28,sroE,1,7,-0.3
ymfA,6,12,sroE,86,92,-0.69
potD,101,107,sroE,86,92,-0.28
potC,43,49,sroE,59,65,-2.46
potB,58,64,sroE,32,38,-0.96
potA,186,192,sroE,86,92,-1.02
phoQ_annot,62,68,sroE,60,66,-1.32
phoP_annot,18,26,sroE,2,10,-3.28
purB,28,35,sroE,57,64,-2.94
mnmA,81,87,sroE,60,66,-5.03
nudJ,100,106,sroE,58,64,-3.75
rluE,84,91,sroE,1,8,-1.87
ymfD,166,172,sroE,31,37,-2.25
lit,30,36,sroE,86,92,-0.06
intE,124,132,sroE,57,65,-4.16
xisE,75,81,sroE,60,66,-0.72
ymfI,118,124,sroE,3,9,-3.2
cohE,7,13,sroE,31,37,-0.71
ymfL,122,128,sroE,86,92,-0.99
ymfR,21,27,sroE,46,52,-2.41
beeE,99,105,sroE,59,65,-2.46
jayE,151,157,sroE,72,78,-0.39
tfaP,101,107,sroE,86,92,-0.1
stfE,33,39,sroE,2,8,-2.5
pinE,46,52,sroE,86,92,-0.46
mcrA,164,170,sroE,58,64,-2.57
iraM_annot,193,199,sroE,86,92,-0.13
ycgX,52,61,sroE,30,39,-3.6
bluR_annot,75,81,sroE,59,65,-0.22
ycgZ_annot,28,34,sroE,16,22,-1.59
ymgA,170,176,sroE,86,92,-0.49
ymgC,133,139,sroE,60,66,-3.65
ymgF,140,146,sroE,32,38,-1.82
ycgH,66,72,sroE,58,64,-3.63
ymgD,101,107,sroE,86,92,-0.48
ymgI,52,60,sroE,2,10,-1.79
ymgJ,46,52,sroE,59,65,-5.37
ycgI,184,190,sroE,30,36,-0.77
pliG,180,187,sroE,59,66,-5.97
ycgL_annot,60,67,sroE,59,66,-1.89
ycgM,96,102,sroE,1,7,-3.14
ycgN,12,18,sroE,3,9,-3.63
umuD_annot,95,101,sroE,60,66,-2.88
umuC,147,155,sroE,57,65,-2.79
dsbB,13,19,sroE,4,10,-1.63
nhaB,187,193,sroE,33,39,-1
ycgB_annot,33,40,sroE,16,23,-1.92
dadX,55,61,sroE,4,10,-3.04
cvrA,3,9,sroE,86,92,-1.31
emtA,37,43,sroE,32,38,-2.27
ymgE,9,15,sroE,30,36,-2.61
ycgY,161,169,sroE,17,25,-4.86
treA_annot,112,118,sroE,57,63,-2.08
dhaM,48,54,sroE,58,64,-2.74
dhaK_annot,107,113,sroE,86,92,-0.01
ycgV,167,174,sroE,62,69,-2.18
dauA,147,154,sroE,71,78,-1.79
prs_annot,115,147,sroE,46,75,-7.81
ispE,59,65,sroE,72,78,-1.52
lolB_annot,2,8,sroE,71,77,-0.27
prmC,188,194,sroE,2,8,-3.69
ychQ_annot,108,114,sroE,2,8,-4.06
kdsA_annot,160,166,sroE,2,8,-3.22
chaB,70,77,sroE,59,66,-3.75
chaC_annot,22,28,sroE,86,92,-1.09
narL,1,7,sroE,17,23,-1.26
narX_annot,168,174,sroE,1,7,-2.42
narH,101,107,sroE,86,92,-0.8
narJ,172,178,sroE,58,64,-1.7
narI,178,184,sroE,1,7,-0.58
purU,20,26,sroE,86,92,-0.67
ychJ_annot,89,95,sroE,2,8,-1.73
rssA_annot,204,210,sroE,1,7,-1.58
tdk,167,173,sroE,31,37,-2.99
insZ,110,116,sroE,61,67,-2.31
adhE_annot,65,71,sroE,4,10,-3.24
ychE,38,44,sroE,72,78,-0.3
oppB,99,105,sroE,59,65,-4.74
oppC,43,49,sroE,60,66,-1.7
clsA_annot,43,49,sroE,2,8,-1.08
yciY,118,131,sroE,15,28,-4.18
tonB_annot,32,38,sroE,61,67,-0.66
yciA,152,158,sroE,46,52,-1.29
yciB,141,147,sroE,3,9,-3.4
yciE_annot,102,108,sroE,86,92,-0.87
yciF,107,113,sroE,86,92,-0.23
trpA,7,13,sroE,86,92,-0.49
trpC_annot,39,45,sroE,2,8,-1.72
trpD,79,87,sroE,30,38,-1.5
trpL_annot,9,15,sroE,86,92,-1.01
yciV_annot,46,53,sroE,31,38,-0.07
yciK,98,104,sroE,46,52,-2.67
sohB_annot,134,141,sroE,59,66,-5.15
yciN,15,25,sroE,15,25,-1.99
cysB_annot,33,39,sroE,59,65,-3.81
acnA_annot,334,341,sroE,58,65,-3.42
ribA_annot,73,79,sroE,31,37,-2.8
pgpB_annot,19,25,sroE,46,52,-3.08
yciS_annot,134,140,sroE,59,65,-1
yciH,73,79,sroE,72,78,-1.2
yciT_annot,145,151,sroE,1,7,-3.83
yciZ_annot,51,57,sroE,2,8,-1.76
gmr_annot,126,132,sroE,1,7,-3.85
ymiB,20,26,sroE,1,7,-0.62
rnb_annot,218,224,sroE,57,63,-3.43
sapD,6,12,sroE,32,38,-1
sapB,193,200,sroE,30,37,-5.02
sapA,89,97,sroE,62,70,-1.91
ymjA,24,30,sroE,86,92,-0.61
puuA_annot,82,88,sroE,86,92,-0.6
puuD_annot,97,103,sroE,60,66,-1.16
puuR,171,177,sroE,32,38,-0.35
puuB,146,152,sroE,30,36,-0.75
pspF_annot,156,164,sroE,17,25,-3.76
pspC,189,195,sroE,60,66,-3.21
pspD,61,68,sroE,2,9,-4.79
pspE,171,178,sroE,59,66,-5.07
ycjN,140,147,sroE,30,37,-2.28
ycjP,97,103,sroE,61,67,-2.11
ycjQ,5,11,sroE,4,10,-1.18
ycjT,116,122,sroE,1,7,-3.99
ycjW,75,81,sroE,3,9,-1.63
ycjX_annot,70,76,sroE,61,67,-2.15
tpx_annot,31,37,sroE,4,10,-2.4
ycjG_annot,51,57,sroE,86,92,-0.93
ycjY_annot,289,304,sroE,56,71,-0.6
pgrR,47,53,sroE,33,39,-0.55
mppA,119,125,sroE,4,10,-4.44
insH1,11,17,sroE,3,9,-2.54
uspE_annot,7,13,sroE,2,8,-0.85
abgB,151,157,sroE,1,7,-4.23
smrA,38,45,sroE,1,8,-3.01
ydaM,36,42,sroE,32,38,-0.61
ydaN_annot,52,58,sroE,60,66,-0.28
dbpA,117,130,sroE,56,69,-7.91
intR,156,164,sroE,57,66,-2.58
ydaQ,120,126,sroE,86,92,-0.06
ydaC,38,44,sroE,86,92,-0.25
ralR,112,118,sroE,59,65,-5.75
recT,155,161,sroE,30,36,-0.05
racC,151,157,sroE,17,23,-0.98
ydaE,183,194,sroE,26,37,-6.83
ydaG,17,23,sroE,17,23,-4.11
racR,111,117,sroE,86,92,-0.75
ydaS,81,87,sroE,57,63,-1.51
ydaT,128,135,sroE,59,66,-2.41
ydaU,136,142,sroE,32,38,-0.81
ydaW,6,12,sroE,47,53,-1.81
rzoR,70,76,sroE,61,67,-1.13
trkG,167,174,sroE,59,66,-4.34
tmpR,12,18,sroE,4,10,-0.23
insH1,14,20,sroE,32,38,-0.76
stfR,51,57,sroE,59,65,-4.54
pinR,131,138,sroE,71,78,-1.23
ynaE,68,74,sroE,86,92,-0.61
ttcC,2,8,sroE,30,36,-3.77
ompN,97,103,sroE,61,67,-1.22
hslJ_annot,38,44,sroE,86,92,-0.4
ydbH,6,12,sroE,60,66,-1.83
ynbE,101,107,sroE,86,92,-0.63
feaR_annot,79,85,sroE,86,92,-0.77
feaB_annot,137,143,sroE,86,92,-0.44
paaZ_annot,111,119,sroE,16,24,-2.65
paaA_annot,45,51,sroE,33,39,-0.17
paaB,107,113,sroE,58,64,-2.36
paaG,147,153,sroE,71,77,-0.3
paaI,181,187,sroE,61,67,-2.16
paaJ,130,137,sroE,30,37,-2.5
paaY,181,187,sroE,59,65,-2.24
ynbG,88,94,sroE,86,92,-1.13
insC1,1,7,sroE,60,66,-5
ydbD_annot,156,162,sroE,60,66,-2.14
ynbA_annot,74,82,sroE,57,65,-5.4
ynbC,155,161,sroE,1,7,-1.15
hrpA,96,102,sroE,1,7,-4.4
ydcF,191,200,sroE,16,25,-6.02
gapC,183,189,sroE,1,7,-2.13
cybB,78,86,sroE,2,10,-2.2
trg_annot,43,49,sroE,64,70,-0.67
ydcI_annot,111,118,sroE,30,37,-3.53
ydcJ,2,11,sroE,57,66,-4.81
opgD,20,26,sroE,33,39,-0.16
ydcH,101,107,sroE,57,63,-3.68
rimL_annot,251,257,sroE,4,10,-4.48
tehA_annot,120,126,sroE,46,52,-1.39
ydcL,99,105,sroE,31,37,-1.31
insP,153,159,sroE,57,63,-1.29
insQ,102,115,sroE,10,23,-3.61
ydcO,91,97,sroE,17,23,-0.03
ydcP,2,8,sroE,64,70,-2.61
yncJ,113,119,sroE,1,7,-1.83
hicA_annot,109,115,sroE,60,66,-2.85
hicB,103,109,sroE,1,7,-3.13
ydcR_annot,26,32,sroE,86,92,-0.37
ydcT,179,185,sroE,86,92,-0.12
ydcV,150,156,sroE,1,7,-1.43
patD,21,43,sroE,50,77,-2.18
yncL,104,111,sroE,57,64,-3.47
ydcX,96,102,sroE,30,36,-0.03
curA,3,9,sroE,4,10,-0.1
yncE_annot,79,86,sroE,30,37,-1.54
yncG_annot,105,111,sroE,60,66,-0.07
yncH,193,200,sroE,57,64,-2.48
rhsE,108,114,sroE,63,69,-0.93
ydcC,6,12,sroE,3,9,-0.5
pptA,180,186,sroE,1,7,-4.18
yddH,11,18,sroE,3,10,-4.81
yddE,163,169,sroE,59,65,-0.05
narV,156,164,sroE,57,65,-2.58
narW_annot,746,767,sroE,50,70,-7.64
narY,177,183,sroE,86,92,-0.86
narZ,93,99,sroE,4,10,-2.45
narU_annot,53,64,sroE,56,68,-3.7
yddM,101,107,sroE,86,92,-0.8
adhP,129,136,sroE,3,10,-1.53
sra_annot,25,31,sroE,57,63,-3.8
osmC_annot,40,46,sroE,86,92,-0.59
ddpF,109,116,sroE,1,8,-3.69
ddpD,160,166,sroE,59,65,-0.06
ddpC,110,116,sroE,19,25,-1.44
ddpB,171,177,sroE,3,9,-0.38
dosP,174,180,sroE,59,65,-1.28
dosC,44,50,sroE,2,8,-3.46
gadB_annot,32,38,sroE,86,92,-0.35
yddB,60,66,sroE,86,92,-0.17
yddA,191,198,sroE,59,66,-6.49
ydeM,130,136,sroE,60,66,-3.7
ydeO,132,138,sroE,32,38,-2.93
safA_annot,161,168,sroE,2,9,-2.93
ydeP_annot,95,101,sroE,2,8,-1.48
ydeQ,17,23,sroE,60,66,-4.57
ydeR,142,149,sroE,1,8,-3.22
ydeS,174,180,sroE,1,7,-1.87
ydeT,29,38,sroE,1,10,-5.25
yneL,134,140,sroE,61,67,-1.32
hipA,32,38,sroE,61,67,-2.36
yneO,15,21,sroE,4,10,-3.47
lsrR_annot,3,9,sroE,86,92,-0.65
lsrA_annot,101,107,sroE,60,66,-3.54
lsrC,43,49,sroE,60,66,-2.44
lsrF,12,18,sroE,32,38,-0.67
tam_annot,66,73,sroE,17,24,-2.06
yneE,4,10,sroE,59,65,-3.83
yneF,146,152,sroE,32,38,-0.61
yneG,170,176,sroE,86,92,-0.14
sad,121,127,sroE,31,37,-2.93
yneJ,126,132,sroE,72,78,-1.81
marC_annot,106,115,sroE,1,10,-3.6
ydeE,20,45,sroE,46,74,-2.96
yneM_annot,74,81,sroE,57,64,-3.47
dgcZ_annot,114,120,sroE,57,63,-1.66
ydeI_annot,8,14,sroE,86,92,-0.83
ydeJ_annot,151,157,sroE,2,8,-0.76
dcp,82,88,sroE,3,9,-3.24
ydfZ,58,64,sroE,4,10,-1.57
ydfI,52,58,sroE,31,37,-0.38
ydfK_annot,135,143,sroE,30,38,-1.92
pinQ,131,138,sroE,71,78,-1.12
stfQ,51,57,sroE,47,53,-1.26
nohQ_annot,125,134,sroE,57,66,-4.61
ynfO,17,23,sroE,32,38,-1.12
ydfO,57,63,sroE,32,38,-2.05
ynfN,98,104,sroE,32,38,-2.53
rzoQ,192,198,sroE,30,36,-1.69
cspB,54,60,sroE,32,38,-0.09
cspF,183,189,sroE,60,66,-2.62
hokD,3,11,sroE,17,25,-3.43
relE,19,25,sroE,86,92,-0.96
ydfV,26,32,sroE,86,92,-0.96
intK,170,176,sroE,2,8,-2.63
ydfX,85,92,sroE,17,24,-1.8
dicC_annot,17,24,sroE,57,64,-1.04
dicA,189,195,sroE,85,91,-0.23
ydfA,146,152,sroE,57,63,-3.57
ydfC,21,27,sroE,61,67,-0.06
dicB_annot,19,25,sroE,1,7,-2.78
ydfD,168,175,sroE,59,66,-3.47
insD1,169,178,sroE,30,39,-3.39
intQ,141,147,sroE,57,63,-1.79
rspB,185,194,sroE,83,92,-0.9
rspA,138,156,sroE,6,23,-0.88
ynfA,38,44,sroE,58,64,-2.19
ynfB_annot,82,88,sroE,31,37,-1.52
speG,95,102,sroE,1,8,-5.1
ynfD,51,57,sroE,2,8,-4.9
ynfE_annot,46,52,sroE,86,92,-0.68
ynfF,119,125,sroE,16,22,-3.91
clcB,41,47,sroE,57,63,-3.3
ynfL,123,129,sroE,2,8,-1.86
asr_annot,23,29,sroE,86,92,-1.18
ydgD,120,126,sroE,59,65,-1.95
mdtI,7,13,sroE,86,92,-1.17
mdtJ,25,31,sroE,18,24,-2.13
tqsA_annot,12,44,sroE,5,31,-4.65
pntB,126,132,sroE,30,36,-0.94
pntA_annot,70,76,sroE,32,38,-2.73
ydgI,76,83,sroE,3,10,-3.28
ydgC,150,157,sroE,59,66,-2.18
rstA_annot,17,23,sroE,1,7,-0.62
tus,74,81,sroE,1,8,-0.69
fumA_annot,145,151,sroE,2,8,-3.56
manA_annot,22,30,sroE,31,39,-3.33
uidC,69,75,sroE,86,92,-0.88
uidA_annot,84,90,sroE,4,10,-1.23
uidR_annot,72,78,sroE,61,67,-1.3
hdhA_annot,153,159,sroE,86,92,-0.24
malX_annot,107,114,sroE,2,9,-2.61
rsxB,33,41,sroE,2,10,-2.33
rsxD,182,188,sroE,46,52,-1.06
rsxG,128,136,sroE,2,10,-1.92
rsxE,117,123,sroE,1,7,-2.86
nth,33,39,sroE,86,92,-0.96
dtpA_annot,81,87,sroE,86,92,-0.48
gstA_annot,133,139,sroE,60,66,-2.41
pdxY,130,138,sroE,1,9,-6.3
mliC,107,113,sroE,86,92,-0.54
anmK,123,129,sroE,1,7,-3
slyB_annot,68,74,sroE,30,36,-1.06
ydhI_annot,116,122,sroE,3,9,-1.61
ydhJ,59,65,sroE,3,9,-0.11
ydhK,54,61,sroE,3,10,-0.71
sodC_annot,109,115,sroE,4,10,-3.72
ydhF,64,70,sroE,30,36,-0.12
nemA,90,97,sroE,50,57,-3.78
gloA_annot,76,82,sroE,71,77,-0.03
rnt,165,172,sroE,59,66,-5.37
lhr_annot,59,66,sroE,59,66,-5.46
mepH_annot,75,81,sroE,61,67,-0.76
ynhF,48,54,sroE,86,92,-0.62
ydhB,180,187,sroE,3,10,-3.25
cfa_annot,27,33,sroE,57,63,-3.06
ribC,2,8,sroE,86,92,-0.45
mdtK,72,78,sroE,31,37,-1.38
ydhQ_annot,96,102,sroE,61,67,-0.44
ydhR,21,33,sroE,57,71,-5.24
ydhS,101,107,sroE,86,92,-0.38
ydhT,39,45,sroE,17,23,-2.01
ydhX,112,118,sroE,72,78,-0.25
ydhV,39,45,sroE,16,22,-1.14
ydhY_annot,41,48,sroE,30,37,-3.71
ydhZ,11,20,sroE,1,10,-6.81
pykF_annot,66,73,sroE,2,9,-4
lpp_annot,194,200,sroE,71,77,-0.7
ldtE,24,31,sroE,57,64,-2.82
sufE,14,20,sroE,46,52,-1.78
sufS,91,97,sroE,16,22,-1.62
sufD,20,27,sroE,3,10,-0.2
sufC,100,106,sroE,2,8,-3.28
sufB,162,168,sroE,86,92,-0.27
sufA_annot,38,44,sroE,30,36,-1.2
ydiH,1,7,sroE,1,7,-2.36
ydiK,30,36,sroE,32,38,-1.28
ydiL,6,12,sroE,59,65,-2.95
ydiM,101,107,sroE,86,92,-0.69
ydiN,180,187,sroE,59,66,-3.06
aroD,38,44,sroE,2,8,-2.27
ydiF,12,18,sroE,32,38,-0.88
ydiP_annot,25,31,sroE,4,10,-1.78
ydiQ,101,107,sroE,86,92,-0.85
ydiR,145,151,sroE,1,7,-3.69
ydiT,155,161,sroE,2,8,-0.63
fadK,44,52,sroE,30,38,-3.23
ppsA_annot,9,15,sroE,57,63,-3.61
ppsR,83,89,sroE,5,11,-0.6
ydiE,157,192,sroE,49,74,-2.39
nlpC,55,61,sroE,71,77,-1.26
btuE,1,8,sroE,58,65,-3.05
btuC,68,74,sroE,72,78,-0.62
ihfA_annot,76,113,sroE,6,36,-1.9
pheT,14,22,sroE,2,10,-1.73
pheS,166,172,sroE,2,8,-3.05
rpmI_annot,226,232,sroE,4,10,-2.37
infC_annot,199,208,sroE,30,39,-3.7
thrS_annot,22,28,sroE,60,66,-2.88
arpB,24,31,sroE,30,37,-3.95
yniD,180,186,sroE,2,8,-2.17
pfkB_annot,62,68,sroE,2,8,-2.3
ydiZ,137,145,sroE,2,10,-0.53
yniA,38,44,sroE,57,63,-1.41
ydjO,100,107,sroE,57,64,-1.69
cedA_annot,80,86,sroE,86,92,-0.71
katE_annot,51,57,sroE,60,66,-2.32
chbG,191,197,sroE,4,10,-3.83
chbF,178,184,sroE,1,7,-3.96
chbA,4,10,sroE,86,92,-1.19
chbC,170,176,sroE,2,8,-5.91
chbB_annot,14,22,sroE,2,10,-3.17
nadE_annot,4,10,sroE,15,21,-0.47
ves_annot,22,28,sroE,86,92,-0.85
astB,89,95,sroE,17,23,-1.01
astD,173,182,sroE,16,25,-3.71
astA,19,25,sroE,60,66,-4.84
ydjX,29,35,sroE,32,38,-1.59
ydjY,99,105,sroE,59,65,-3.23
ynjB,178,186,sroE,83,91,-0.45
ynjD,188,196,sroE,2,10,-4.32
ynjE_annot,35,41,sroE,57,63,-3.61
gdhA_annot,34,40,sroE,32,38,-1.13
ansA,3,9,sroE,56,62,-1.27
pncA,164,170,sroE,46,52,-0.83
ydjE,39,45,sroE,86,92,-1.05
ydjF,150,156,sroE,86,92,-0.45
ydjG,101,107,sroE,86,92,-0.56
ydjH,177,183,sroE,60,66,-1.49
ydjI,58,64,sroE,1,7,-0.75
ydjJ,140,146,sroE,86,92,-0.26
ydjK,170,178,sroE,58,66,-4.98
ydjL,26,33,sroE,59,66,-3.96
gapA_annot,386,411,sroE,4,29,-5.7
yeaE_annot,175,181,sroE,72,78,-1.67
yeaG_annot,66,85,sroE,50,73,-8.27
yeaH,7,13,sroE,2,8,-2.27
yeaI,20,26,sroE,30,36,-1.49
yoaI,3,9,sroE,3,9,-2.68
yeaL_annot,28,35,sroE,58,65,-4.45
yeaM_annot,43,49,sroE,61,67,-1.63
yeaO,108,114,sroE,61,67,-0.69
yoaF,12,18,sroE,57,63,-1.48
yeaP_annot,1,7,sroE,32,38,-3.43
yoaK,146,152,sroE,32,38,-1.14
yoaJ,88,94,sroE,51,57,-1.62
yeaQ,35,41,sroE,59,65,-3.35
yeaR_annot,73,80,sroE,30,37,-2.38
dmlA,4,10,sroE,57,63,-4.07
yeaV,12,18,sroE,57,63,-3.48
yeaX,115,121,sroE,58,64,-2.13
yeaY_annot,46,52,sroE,1,7,-2.14
tsaB,168,175,sroE,71,78,-1.43
yoaB,192,198,sroE,72,78,-0.24
yoaC_annot,236,242,sroE,61,67,-1.15
yoaH,99,106,sroE,58,65,-4.77
pabB,107,113,sroE,1,7,-2.43
sdaA_annot,162,168,sroE,64,70,-0.28
yoaE_annot,206,218,sroE,54,69,-3.49
manX_annot,79,85,sroE,2,8,-3.4
yobD,173,179,sroE,32,38,-2.93
mntP_annot,255,261,sroE,3,9,-0.75
rlmA,59,66,sroE,2,9,-5.04
cspC,189,196,sroE,30,37,-2.09
yobF_annot,153,159,sroE,1,7,-3.13
mgrB_annot,27,33,sroE,86,92,-1.25
yobH,80,86,sroE,86,92,-0.78
kdgR,169,177,sroE,15,24,-3.01
yebQ,59,65,sroE,32,38,-3.36
prc,124,130,sroE,2,8,-4.32
proQ,140,147,sroE,3,10,-2.82
msrC,177,183,sroE,71,77,-0.01
yebS,69,76,sroE,59,66,-3.87
yebT,142,148,sroE,85,91,-0.16
rsmF,7,23,sroE,61,75,-4.71
yebV,101,107,sroE,86,92,-0.69
pphA_annot,488,494,sroE,30,36,-0.24
yebY,104,110,sroE,86,92,-0.79
yebZ,38,45,sroE,1,8,-3.96
yobA,188,194,sroE,72,78,-0.78
holE,169,175,sroE,17,23,-1.32
yobB,3,9,sroE,31,37,-1.04
exoX,100,106,sroE,2,8,-2.16
ptrB_annot,1,7,sroE,57,63,-3.68
yebF,81,87,sroE,32,38,-0.32
purT,104,110,sroE,1,7,-2.17
eda_annot,3,11,sroE,57,65,-7.83
yebK,59,65,sroE,61,67,-1.31
pykA_annot,191,197,sroE,2,8,-4.93
mepM,158,165,sroE,1,8,-4.82
znuA_annot,30,36,sroE,1,7,-2.02
znuB,137,143,sroE,32,38,-0.92
ruvB,83,90,sroE,1,8,-1.92
ruvA_annot,7,14,sroE,31,38,-3.34
yobI,27,35,sroE,1,9,-5.48
yebB_annot,104,110,sroE,4,10,-0.43
aspS_annot,23,29,sroE,17,23,-2.94
yecE,96,102,sroE,1,7,-2.93
yecN,185,191,sroE,2,8,-2.89
cmoA,95,102,sroE,1,8,-3.51
torZ,26,32,sroE,72,78,-0.26
torY,10,16,sroE,59,65,-3.44
argS_annot,44,50,sroE,60,66,-5.66
yecT_annot,36,43,sroE,58,65,-6.81
cheZ,41,47,sroE,71,77,-1.05
cheY,193,199,sroE,59,65,-4.19
cheR,94,100,sroE,15,21,-0.09
tap,100,106,sroE,58,64,-2.55
cheW,19,28,sroE,57,66,-1.46
cheA,59,66,sroE,59,66,-3.47
motA_annot,106,112,sroE,2,8,-3.5
flhC,27,33,sroE,32,38,-2.29
flhD_annot,95,102,sroE,57,64,-2.3
b1894_annot,1,8,sroE,15,22,-1.11
uspC,63,69,sroE,60,66,-2.07
otsB_annot,52,58,sroE,86,92,-0.72
araH,187,193,sroE,58,64,-3.22
araG,98,105,sroE,31,38,-0.54
araF_annot,110,116,sroE,30,36,-2.14
ftnB_annot,7,13,sroE,1,7,-3.72
yecJ,186,192,sroE,60,66,-5.8
yecH,20,26,sroE,86,92,-0.93
tyrP_annot,201,208,sroE,57,64,-2.43
pgsA,41,50,sroE,57,66,-2.17
uvrC_annot,108,114,sroE,59,65,-1.81
uvrY_annot,138,145,sroE,18,25,-2.33
sdiA_annot,68,74,sroE,16,22,-1.28
yecS,188,194,sroE,57,63,-3.08
fliY_annot,16,22,sroE,17,23,-0.26
fliZ,97,103,sroE,61,67,-1.04
fliA_annot,84,90,sroE,1,7,-1.86
fliS,98,104,sroE,4,10,-1.57
fliT,159,166,sroE,2,9,-4.44
amyA_annot,63,71,sroE,57,65,-5.9
yedD,85,91,sroE,31,37,-0.87
yedF,175,181,sroE,17,23,-0.98
yedL,99,105,sroE,3,9,-1.12
yedN,100,107,sroE,57,64,-4.9
intG,165,171,sroE,4,10,-0.85
fliF_annot,73,80,sroE,16,23,-1.88
fliG,166,176,sroE,16,25,-2
fliK,189,197,sroE,1,9,-3.45
fliM,181,187,sroE,59,65,-1.87
fliN,38,44,sroE,2,8,-1.63
fliP,66,72,sroE,86,92,-0.43
fliR,47,53,sroE,4,10,-0.33
rcsA_annot,58,65,sroE,1,8,-2.11
yodD,150,156,sroE,60,66,-1.31
yedP,101,107,sroE,57,63,-1.95
yedQ,8,14,sroE,32,38,-2.5
yedI,85,91,sroE,86,92,-0.94
yedA,143,149,sroE,1,7,-2.81
vsr,170,176,sroE,86,92,-0.18
dcm,184,190,sroE,59,65,-1.6
yedJ,58,64,sroE,86,92,-0.93
yedS,134,140,sroE,1,7,-1.13
hchA_annot,222,228,sroE,86,92,-0.83
hiuH_annot,7,14,sroE,1,8,-3.69
yedZ,6,12,sroE,60,66,-1.47
zinT_annot,1,7,sroE,30,36,-1.68
yeeJ,20,26,sroE,32,38,-1.89
yeeL,88,95,sroE,18,25,-1.19
shiA_annot,50,56,sroE,86,92,-0.75
yeeN,177,183,sroE,60,66,-3.55
yeeO,85,91,sroE,64,70,-0.93
cbl_annot,56,65,sroE,16,24,-2.24
nac_annot,134,140,sroE,71,77,-0.82
cobT,161,167,sroE,30,36,-1.83
cobS,90,96,sroE,86,92,-0.16
cobU_annot,257,267,sroE,15,24,-4.67
yeeH,133,140,sroE,1,8,-3.72
insH1,79,122,sroE,47,76,-2
yoeH,14,20,sroE,57,63,-2.2
insC1,1,7,sroE,60,66,-5
flu_annot,44,51,sroE,62,69,-3.47
yeeR,46,52,sroE,72,78,-1.54
yeeT,125,131,sroE,46,52,-3.23
cbtA,1,7,sroE,86,92,-0.53
yoeF,59,66,sroE,71,78,-1.6
yeeX,33,39,sroE,59,65,-2.42
yeeA,37,43,sroE,16,22,-2.21
sbmC_annot,56,62,sroE,16,22,-1.02
sbcB_annot,97,103,sroE,2,8,-1.23
yeeD,95,101,sroE,86,92,-0.21
yeeE_annot,28,34,sroE,57,63,-2.88
plaP,154,160,sroE,2,8,-0.81
yoeI,62,68,sroE,85,91,-0.1
yeeY,131,137,sroE,61,67,-1.15
yeeZ,166,172,sroE,18,24,-1.46
yefM_annot,88,94,sroE,32,38,-1.93
hisC,18,24,sroE,86,92,-0.8
hisH,9,15,sroE,86,92,-1.02
hisF,194,200,sroE,32,38,-3.07
hisI,100,106,sroE,2,8,-1.22
wzzB,118,126,sroE,57,65,-0.75
ugd,101,107,sroE,86,92,-0.43
insH1,98,105,sroE,3,10,-1.67
wbbK,68,74,sroE,33,39,-1.24
wbbJ,4,10,sroE,86,92,-0.81
wbbI,186,192,sroE,86,92,-0.74
wbbH,185,191,sroE,2,8,-2.42
glf,40,46,sroE,4,10,-0.51
wzxB,132,138,sroE,1,7,-4.75
rfbC,10,17,sroE,59,66,-2.93
rfbA,11,17,sroE,61,67,-2.9
rfbD,186,193,sroE,59,66,-2.11
rfbB,101,107,sroE,86,92,-0.68
wzxC,62,68,sroE,59,65,-0.55
wcaJ,182,189,sroE,3,10,-0.97
cpsG,101,107,sroE,86,92,-0.89
cpsB,52,58,sroE,86,92,-0.04
wcaI,38,44,sroE,59,65,-2.31
wcaH,31,45,sroE,18,32,-4.01
gmd,181,188,sroE,16,23,-4.53
wcaE,100,106,sroE,2,8,-1.19
wcaC,137,147,sroE,16,25,-2.77
wcaB,182,188,sroE,60,66,-3.26
wcaA,101,107,sroE,86,92,-0.32
wzc,95,101,sroE,86,92,-0.31
wzb,172,178,sroE,1,7,-4.39
wza_annot,123,129,sroE,60,66,-4.75
asmA,69,75,sroE,86,92,-0.54
dcd,30,36,sroE,61,67,-0.97
yegD,146,152,sroE,32,38,-0.8
yegI,101,107,sroE,86,92,-0.42
yegJ,169,175,sroE,2,8,-3.2
yegL,113,120,sroE,3,10,-4.81
ibsA,87,93,sroE,86,92,-0.48
ibsB,87,93,sroE,86,92,-0.62
mdtA_annot,67,73,sroE,33,39,-0.13
yegQ,8,14,sroE,71,77,-2.13
ogrK,99,107,sroE,57,65,-6.43
yegZ,38,44,sroE,60,66,-3.62
yegR_annot,44,50,sroE,86,92,-0.08
yegS,79,85,sroE,33,39,-0.48
insE1,189,196,sroE,59,66,-2.68
gatD,179,185,sroE,16,22,-1.6
gatC,118,124,sroE,1,7,-4.38
gatB,48,54,sroE,57,63,-0.88
gatA,53,60,sroE,57,64,-3.1
gatZ_annot,112,118,sroE,86,92,-0.8
gatY_annot,25,31,sroE,86,92,-0.57
fbaB_annot,1,7,sroE,86,92,-0.36
yegT_annot,70,76,sroE,58,64,-2.44
yegU,3,9,sroE,46,52,-3.56
yegV,8,14,sroE,2,8,-0.98
yegW,50,56,sroE,86,92,-0.44
yegX,142,150,sroE,30,38,-2.04
thiD,90,96,sroE,16,22,-2.02
thiM_annot,189,195,sroE,2,8,-5.4
rcnR_annot,113,119,sroE,31,37,-1.93
rcnA_annot,77,83,sroE,85,91,-0.22
yehA,162,169,sroE,1,8,-2.4
yehB,3,9,sroE,60,66,-0.86
yehC,9,15,sroE,61,67,-2.92
yehD,27,33,sroE,60,66,-0.11
yehE,49,57,sroE,30,38,-1.38
metG_annot,194,235,sroE,46,78,-2.6
yehI,153,159,sroE,86,92,-1.02
yehM,38,44,sroE,86,92,-0.24
yehP,177,183,sroE,71,77,-0.39
yehQ,28,34,sroE,60,66,-2.54
yehR,125,136,sroE,59,70,-3.84
yehS,51,57,sroE,86,92,-0.28
yehU,63,69,sroE,2,8,-0.47
yohO,167,173,sroE,32,38,-1.21
yehW,6,26,sroE,15,34,-8.07
yehX,7,13,sroE,60,66,-1.43
osmF_annot,40,46,sroE,32,38,-1.51
bglX_annot,57,63,sroE,32,38,-1.97
dld,43,49,sroE,32,38,-1.06
pbpG,98,104,sroE,32,38,-1.75
yohF,97,103,sroE,61,67,-2.32
mdtQ,172,178,sroE,30,36,-0.14
yohP,191,197,sroE,60,66,-2.66
yohJ_annot,47,53,sroE,60,66,-2.27
cdd_annot,23,29,sroE,46,52,-2.49
sanA,100,106,sroE,2,8,-1.76
yeiS,11,17,sroE,30,36,-1.38
preT_annot,134,144,sroE,66,77,-2.47
preA,65,71,sroE,17,23,-3.48
mglC,75,112,sroE,2,34,-4.15
mglA_annot,8,14,sroE,86,92,-1.07
mglB_annot,260,267,sroE,1,8,-2.16
yeiB,168,174,sroE,72,78,-1.15
folE_annot,30,38,sroE,57,65,-4.35
yeiG,64,70,sroE,86,92,-0.56
cirA_annot,173,179,sroE,58,64,-2.27
yeiH,129,137,sroE,30,38,-2.73
nfo_annot,53,59,sroE,2,8,-0.8
nupX,123,153,sroE,3,30,-2.49
psuT,168,174,sroE,86,92,-0.84
psuG,73,79,sroE,1,7,-2.73
psuK,144,150,sroE,60,66,-1.07
setB,100,106,sroE,30,36,-1.05
yeiW_annot,75,82,sroE,62,69,-1.41
yeiQ,172,178,sroE,4,10,-4.38
mepS_annot,44,50,sroE,2,8,-1.66
rtn,16,23,sroE,57,64,-4.91
yejA,185,191,sroE,46,52,-0.63
yejB,176,183,sroE,31,38,-2.62
yejE,98,104,sroE,60,66,-2.42
yejF,179,186,sroE,57,64,-5.1
yejG_annot,115,121,sroE,60,66,-2.44
bcr,157,163,sroE,2,8,-1.59
rsuA,13,19,sroE,1,7,-2.64
yejH_annot,95,101,sroE,32,38,-0.48
rplY_annot,77,83,sroE,58,64,-3.53
yejL,30,36,sroE,86,92,-0.53
yejM,115,122,sroE,71,78,-1.23
insH1,62,68,sroE,1,7,-4.85
narP_annot,29,43,sroE,63,77,-3.42
ccmH,159,165,sroE,60,66,-3.31
ccmF,78,84,sroE,58,64,-3.28
ccmE,8,14,sroE,61,67,-1.24
ccmC,191,197,sroE,32,38,-1.15
ccmB,102,108,sroE,59,65,-1.81
ccmA,2,8,sroE,86,92,-1.02
napC,18,24,sroE,4,10,-4.8
napH,129,138,sroE,15,24,-6
napD,100,106,sroE,30,36,-0.41
napF_annot,194,200,sroE,60,66,-4.74
eco,40,46,sroE,2,8,-1.23
mqo,119,144,sroE,50,75,-6.17
yojI_annot,73,79,sroE,60,66,-3.46
alkB_annot,103,109,sroE,59,65,-2.38
ada_annot,23,29,sroE,86,92,-0.39
apbE,94,100,sroE,4,10,-3.4
ompC_annot,13,19,sroE,32,38,-2.22
rcsD_annot,23,29,sroE,33,39,-0.55
rcsB_annot,416,422,sroE,86,92,-0.9
rcsC,121,127,sroE,31,37,-1.87
atoS,2,8,sroE,59,65,-5.7
atoC,142,148,sroE,59,65,-1.78
atoD_annot,36,42,sroE,86,92,-0.92
atoA,126,132,sroE,46,52,-0.64
atoE,172,178,sroE,2,8,-2.13
atoB,101,107,sroE,86,92,-0.61
yfaS,7,13,sroE,4,10,-0.39
yfaT,25,32,sroE,1,8,-5.42
yfaA,65,71,sroE,86,92,-0.41
yfaL,77,83,sroE,86,92,-1.03
nrdA_annot,179,185,sroE,3,9,-2.46
nrdB,150,156,sroE,59,65,-2.39
yfaE,107,113,sroE,2,8,-3.33
inaA_annot,5,11,sroE,86,92,-0.84
glpT_annot,75,82,sroE,59,66,-5.7
glpA_annot,13,19,sroE,3,9,-0.39
yfaD,150,156,sroE,3,9,-0.95
rhmD,97,103,sroE,5,11,-0.13
yfaY_annot,22,28,sroE,2,8,-1.27
yfaZ,186,192,sroE,86,92,-0.81
arnB,38,44,sroE,30,36,-0.05
arnC,69,104,sroE,46,77,-1.76
arnA,177,183,sroE,72,78,-0.38
arnD,3,22,sroE,50,74,-4.01
arnT,132,138,sroE,3,9,-3.3
pmrD,121,127,sroE,32,38,-0.99
menB,180,186,sroE,86,92,-0.48
menD,152,158,sroE,72,78,-0.02
menF,73,79,sroE,18,24,-0.78
elaB,27,33,sroE,18,24,-1.54
elaA,43,50,sroE,3,10,-5.04
rbn,31,37,sroE,33,39,-0.47
yfbK,120,127,sroE,2,9,-0.37
yfbL,137,143,sroE,57,63,-2.05
yfbM,10,16,sroE,17,23,-5.08
yfbN,58,64,sroE,1,7,-3.19
yfbP,67,73,sroE,58,64,-0.28
nuoM,100,106,sroE,2,8,-2.52
nuoK,190,196,sroE,2,8,-0.61
nuoB,88,94,sroE,18,24,-2.03
nuoA_annot,201,207,sroE,60,66,-3.32
yfbR_annot,93,100,sroE,30,37,-1.89
yfbS,78,85,sroE,62,69,-1.35
yfbT,17,23,sroE,60,66,-1.61
yfbV,23,30,sroE,57,64,-4.21
yfcC,151,157,sroE,2,8,-1.86
yfcD,147,153,sroE,86,92,-0.15
yfcF,4,10,sroE,86,92,-0.9
yfcG,22,28,sroE,4,10,-0.94
folX,18,24,sroE,61,67,-0.97
yfcI,23,29,sroE,86,92,-0.68
hisP,120,126,sroE,1,7,-2.71
hisJ_annot,50,56,sroE,86,92,-0.93
purF,12,19,sroE,57,64,-3.4
accD_annot,31,37,sroE,32,38,-0.36
truA,60,66,sroE,86,92,-0.48
usg_annot,169,175,sroE,2,8,-3.88
yfcJ,10,16,sroE,2,8,-2.6
mnmC,31,37,sroE,86,92,-0.96
yfcL,88,94,sroE,86,92,-0.59
yfcA,164,170,sroE,46,52,-1.11
aroC,56,62,sroE,86,92,-0.05
prmB,81,87,sroE,32,38,-1.17
smrB,101,107,sroE,86,92,-0.99
yfcO,131,137,sroE,32,38,-0.09
yfcP,169,176,sroE,1,8,-4.44
yfcU,79,85,sroE,86,92,-0.64
yfcV,60,67,sroE,58,65,-5.86
sixA_annot,222,230,sroE,61,69,-4.06
fadJ,113,133,sroE,59,78,-3.4
yfdF,98,104,sroE,32,38,-2.48
mlaA_annot,107,113,sroE,86,92,-0.54
yfdC,186,192,sroE,86,92,-1.19
gtrA,168,176,sroE,58,66,-2.55
gtrB,190,196,sroE,32,38,-0.24
gtrS,49,55,sroE,30,36,-1.82
yfdL,160,166,sroE,2,8,-2.27
yfdM,24,31,sroE,58,65,-2.2
yfdN,16,22,sroE,30,36,-1.94
oweS,116,122,sroE,58,64,-3.12
yfdP,67,73,sroE,72,78,-1.62
yfdS,110,117,sroE,57,64,-2.07
yfdT,183,189,sroE,46,52,-2.12
torI,99,105,sroE,31,37,-1.33
dsdC_annot,136,142,sroE,86,92,-0.78
dsdX_annot,26,32,sroE,30,36,-0.77
emrY,143,149,sroE,1,7,-1.25
emrK_annot,29,35,sroE,30,36,-0.74
yfdE,31,40,sroE,1,10,-2.38
yfdV,143,149,sroE,32,38,-1.75
oxc,98,104,sroE,4,10,-2.37
ypdI,157,165,sroE,57,65,-5.89
yfdY,115,122,sroE,57,64,-4.28
ypdK,187,193,sroE,86,92,-0.92
ypdA,100,106,sroE,30,36,-1.36
ypdB,71,78,sroE,1,8,-3.16
ypdC,181,187,sroE,16,22,-0.51
fryA,100,106,sroE,2,8,-0.92
ypdE,76,82,sroE,59,65,-3.5
ypdF,83,89,sroE,86,92,-0.94
fryC,163,169,sroE,85,91,-0.08
fryB,168,174,sroE,15,21,-0.84
yfeO,124,131,sroE,1,8,-2.78
ypeC,99,105,sroE,59,65,-2.91
mntH_annot,11,17,sroE,57,63,-2.25
nupC_annot,127,133,sroE,2,8,-2.13
insL1,18,53,sroE,5,36,-2.38
yfeC_annot,26,32,sroE,30,36,-2.49
yfeD,150,156,sroE,60,66,-2.47
gltX_annot,158,164,sroE,2,8,-1.35
xapR_annot,95,101,sroE,30,36,-1.39
xapB,50,56,sroE,86,92,-0.96
yfeN,160,166,sroE,31,37,-0.54
yfeR,162,169,sroE,31,38,-1.63
ypeB,101,107,sroE,86,92,-0.11
ligA_annot,63,69,sroE,71,77,-1.04
zipA,57,63,sroE,58,64,-1.81
cysK_annot,45,51,sroE,31,37,-3.07
ptsH_annot,265,271,sroE,59,65,-5.25
yfeK_annot,118,124,sroE,46,52,-1.85
yfeS,101,107,sroE,86,92,-0.92
cysM,92,98,sroE,86,92,-0.3
cysA,191,199,sroE,2,10,-5.53
cysW,124,130,sroE,1,7,-2.25
cysU,86,95,sroE,16,25,-4.49
murR_annot,185,191,sroE,1,7,-2.2
murP,23,29,sroE,61,67,-0.2
yfeY_annot,43,50,sroE,59,66,-3.33
yfeZ,2,8,sroE,60,66,-5.11
ypeA,3,9,sroE,32,38,-0.91
amiA_annot,18,24,sroE,86,92,-0.26
eutR,190,196,sroE,59,65,-3.09
eutB,155,161,sroE,16,22,-2.69
intZ,36,42,sroE,5,11,-0.78
yffL,186,192,sroE,86,92,-0.33
yffM,127,133,sroE,32,38,-0.19
yffN,188,194,sroE,86,92,-0.96
yffO_annot,147,153,sroE,86,92,-1.19
yffQ,21,27,sroE,86,92,-1.41
yffS,92,98,sroE,86,92,-0.56
eutG,161,167,sroE,86,92,-0.67
eutM,84,90,sroE,86,92,-0.46
eutD,112,118,sroE,1,7,-1.32
eutT,8,14,sroE,58,64,-0.3
eutQ,14,20,sroE,59,65,-2.86
eutP,146,152,sroE,1,7,-2.82
eutS,105,111,sroE,86,92,-0.02
maeB,79,85,sroE,4,10,-2.01
talA_annot,7,13,sroE,46,52,-2.03
tktB_annot,270,276,sroE,72,78,-1.28
aegA,57,63,sroE,31,37,-1.28
narQ_annot,27,33,sroE,59,65,-4.21
ypfM_annot,147,153,sroE,32,38,-0.89
yffB,46,53,sroE,57,64,-4.01
dapE_annot,3,13,sroE,57,67,-1.59
ypfN,43,49,sroE,72,78,-0.09
tmcA,190,199,sroE,57,66,-2.42
ypfJ,130,136,sroE,59,65,-5.89
bamC_annot,193,199,sroE,57,63,-2
dapA_annot,113,119,sroE,4,10,-0.28
gcvR_annot,180,186,sroE,4,10,-2.35
hyfA_annot,1,8,sroE,57,64,-5.14
hyfB,77,93,sroE,51,71,-1.88
hyfD,122,128,sroE,1,7,-0.99
hyfE,187,193,sroE,32,38,-2.87
hyfF,20,26,sroE,59,65,-1.1
hyfI,3,9,sroE,1,7,-0.61
hyfR,115,121,sroE,17,23,-3.01
yfgD,10,16,sroE,2,8,-0.56
hda,20,26,sroE,59,65,-1.48
uraA,12,18,sroE,86,92,-1.1
upp_annot,38,44,sroE,86,92,-0.34
purN,21,27,sroE,61,67,-2.66
ppk_annot,56,63,sroE,85,92,-0.37
yfgF_annot,115,121,sroE,86,92,-0.69
yfgG_annot,95,101,sroE,32,38,-0.31
yfgH,193,200,sroE,58,65,-3.17
xseA_annot,35,41,sroE,2,8,-3.17
yfgJ,150,156,sroE,46,52,-3
der,148,155,sroE,1,8,-1.58
bamB_annot,253,259,sroE,59,65,-4.03
yfgM_annot,118,124,sroE,2,8,-2.62
ispG,43,54,sroE,56,69,-3.21
rodZ,29,36,sroE,57,64,-5.17
ndk,55,62,sroE,30,37,-1.97
pbpC,35,41,sroE,60,66,-5.18
yfhM_annot,38,44,sroE,86,92,-1.13
pepB,113,119,sroE,86,92,-0.34
iscX,55,61,sroE,2,8,-2.84
fdx,62,68,sroE,32,38,-0.72
iscA,188,194,sroE,86,92,-0.67
iscS,40,47,sroE,30,37,-0.93
iscR_annot,1,7,sroE,46,52,-1.69
trmJ,173,179,sroE,86,92,-0.33
yfhR,182,188,sroE,2,8,-3.23
csiE_annot,11,17,sroE,32,38,-1.4
hcaB,54,60,sroE,2,8,-3.8
yphA,111,118,sroE,1,8,-4
yphC,68,74,sroE,86,92,-0.37
yphD,33,39,sroE,60,66,-3.23
yphE,154,160,sroE,1,7,-3.39
yphF,113,119,sroE,86,92,-0.02
yphG,128,134,sroE,2,8,-2.25
yphH,50,58,sroE,57,65,-5.06
glnB_annot,63,69,sroE,1,7,-2.09
yfhG,154,160,sroE,46,52,-0.48
pgpC_annot,63,70,sroE,57,64,-2.77
yfhL,182,189,sroE,32,39,-1.26
shoB_annot,13,20,sroE,62,69,-1.93
recO,186,193,sroE,16,23,-2.71
lepA_annot,63,69,sroE,32,38,-3.27
rseC,160,166,sroE,59,65,-1.61
rseA_annot,148,154,sroE,19,25,-0.14
rpoE_annot,142,148,sroE,86,92,-0.05
nadB_annot,22,28,sroE,46,52,-0.58
srmB,76,82,sroE,72,78,-0.76
yfiE,55,62,sroE,57,64,-1.54
grcA_annot,160,166,sroE,2,8,-0.55
yfiF,81,87,sroE,71,77,-0.75
yfiP,194,200,sroE,71,77,-2.67
pka_annot,30,36,sroE,19,25,-0.07
pssA,70,78,sroE,61,69,-1.89
yfiH,50,56,sroE,17,23,-1.43
rluD,194,200,sroE,3,9,-3.68
pheA,7,13,sroE,16,22,-1.3
aroF_annot,49,56,sroE,31,38,-1.72
yfiL,75,81,sroE,46,52,-0.18
yfiR_annot,15,21,sroE,72,78,-0.28
yfiN,45,51,sroE,4,10,-1.59
yfiB,163,169,sroE,63,69,-0.24
rplS,86,92,sroE,86,92,-0.06
rimM,190,197,sroE,57,64,-2.4
rpsP_annot,65,71,sroE,1,7,-1.21
ffh_annot,57,64,sroE,58,65,-5.44
grpE_annot,47,53,sroE,86,92,-0.88
bamE_annot,159,166,sroE,59,66,-2.8
ratB,81,87,sroE,31,37,-0.04
ratA,55,61,sroE,59,65,-3.8
smpB,62,68,sroE,57,63,-1.09
intA,154,160,sroE,85,91,-0.04
alpA,8,14,sroE,86,92,-0.02
yfjI,176,182,sroE,30,36,-1.44
yfjJ,193,199,sroE,61,67,-2.14
rnlA_annot,3,9,sroE,57,63,-2.59
rnlB_annot,152,158,sroE,60,66,-0.71
yfjP,101,107,sroE,86,92,-0.37
yfjQ,9,15,sroE,58,64,-2.56
yfjR,20,26,sroE,1,7,-2.15
yfjT,141,147,sroE,59,65,-4.8
yfjV,4,12,sroE,30,38,-3.76
yfjW,51,57,sroE,4,10,-1.02
ypjJ,1,7,sroE,15,21,-0.38
ypjF,71,78,sroE,71,78,-2.98
pinH,92,98,sroE,72,78,-0.51
ypjC,99,105,sroE,59,65,-4.29
ygaQ,54,60,sroE,57,63,-2.89
csiD_annot,21,27,sroE,46,52,-0.49
lhgO,162,168,sroE,60,66,-0.64
gabD_annot,7,13,sroE,86,92,-0.91
gabP,59,65,sroE,17,23,-2.48
csiR,79,85,sroE,33,39,-0.41
ygaU_annot,1,8,sroE,57,64,-5.29
ygaV,47,53,sroE,2,8,-0.93
stpA_annot,91,97,sroE,59,65,-2.74
alaE,127,133,sroE,31,37,-0.59
ygaC_annot,464,470,sroE,60,66,-4.29
ygaM_annot,20,27,sroE,32,39,-1.73
nrdH_annot,159,165,sroE,60,66,-2.29
nrdI,188,194,sroE,61,67,-3
proV_annot,175,181,sroE,2,8,-0.78
ygaZ,91,97,sroE,30,36,-0.82
ygaH,66,72,sroE,2,8,-0.63
mprA_annot,13,19,sroE,32,38,-2.51
emrA,140,146,sroE,86,92,-0.6
emrB,171,177,sroE,31,37,-1.8
luxS_annot,361,367,sroE,32,38,-3.31
yqaA,192,198,sroE,59,65,-4.3
yqaB,109,115,sroE,1,7,-1.69
csrA_annot,160,166,sroE,1,7,-1.18
mltB,127,151,sroE,50,73,-2.35
srlB,156,164,sroE,61,69,-1.87
srlD,180,186,sroE,4,10,-1.55
srlQ,74,80,sroE,60,66,-2.52
norR_annot,7,14,sroE,18,25,-0.37
hypF_annot,177,183,sroE,60,66,-4.23
ascG,92,101,sroE,83,92,-0.66
ascF_annot,41,47,sroE,4,10,-2.01
hycH,73,82,sroE,1,10,-3.94
hycF,3,9,sroE,60,66,-4.07
hycD,104,111,sroE,57,64,-2.05
hycB,61,67,sroE,57,63,-1.82
hypB_annot,139,145,sroE,86,92,-0.03
hypC,172,178,sroE,72,78,-0.68
hypD,87,93,sroE,19,25,-0.48
fhlA,103,111,sroE,30,38,-1.99
ygbA_annot,3,9,sroE,61,67,-1.4
mutS_annot,102,108,sroE,30,36,-1.81
pphB,53,59,sroE,86,92,-1.08
ygbJ,1,7,sroE,59,65,-4.96
ygbL,37,43,sroE,63,69,-0.14
ygbM,129,135,sroE,59,65,-1.1
ygbN,41,47,sroE,30,36,-2.37
rpoS_annot,388,395,sroE,18,25,-3.64
nlpD_annot,7,13,sroE,59,65,-0.93
pcm,13,20,sroE,5,12,-0.58
umpG_annot,410,418,sroE,30,38,-1.56
truD,188,194,sroE,86,92,-0.54
ispF,124,130,sroE,30,36,-1.11
ispD,119,125,sroE,58,64,-1.94
ftsB,19,25,sroE,1,7,-1.53
cysN,171,177,sroE,86,92,-0.61
iap,101,107,sroE,57,63,-1.52
ygbF_annot,68,74,sroE,2,8,-0.13
ygbT,174,180,sroE,60,66,-4.91
casD,87,96,sroE,16,25,-5.27
casC,121,127,sroE,3,9,-1.83
casB,4,10,sroE,30,36,-1.9
casA_annot,139,145,sroE,86,92,-0.5
queD,112,119,sroE,1,8,-3.68
ygcN,157,163,sroE,2,8,-3.56
ygcO,80,86,sroE,59,65,-2.17
ygcR,8,14,sroE,59,65,-4.53
ygcS,33,39,sroE,17,23,-2.54
ygcW,113,122,sroE,61,70,-3.27
yqcE,182,190,sroE,1,9,-5.56
ygcE,98,104,sroE,4,10,-2.16
yqcG,16,22,sroE,4,10,-1.93
ygcG,117,123,sroE,59,65,-2.99
eno_annot,855,862,sroE,1,8,-1.11
pyrG_annot,198,224,sroE,50,73,-2.98
mazG,28,34,sroE,59,65,-1.06
mazF,35,41,sroE,5,11,-0.59
mazE_annot,86,92,sroE,2,8,-1.43
relA_annot,516,522,sroE,1,7,-2.84
rlmD_annot,88,94,sroE,33,39,-1.11
gudX,166,172,sroE,2,8,-0.99
gudP,168,174,sroE,59,65,-1.46
syd,32,38,sroE,57,63,-2.31
queF_annot,36,42,sroE,31,37,-0.11
ygdH,136,143,sroE,1,8,-1.24
ygdG,13,27,sroE,11,24,-5.54
fucO,169,175,sroE,17,23,-1.23
fucA_annot,255,261,sroE,60,66,-4.05
fucP_annot,81,87,sroE,4,10,-1.49
fucI,101,107,sroE,86,92,-0.42
fucK,194,200,sroE,72,78,-2.04
fucR,192,198,sroE,86,92,-0.88
rlmM,55,62,sroE,59,66,-4.46
gcvA_annot,70,76,sroE,46,52,-1.64
tcdA,162,168,sroE,86,92,-0.78
argA_annot,67,74,sroE,31,38,-2.31
recD,68,74,sroE,58,64,-4.03
recB,92,98,sroE,86,92,-1.1
ptrA_annot,74,80,sroE,2,8,-0.62
recC_annot,79,85,sroE,2,8,-2.21
ppdC,185,191,sroE,1,7,-2.71
ygdB,116,123,sroE,57,64,-2.18
mutH,177,185,sroE,30,38,-0.56
ygdQ,101,107,sroE,1,7,-0.67
ygdR,168,174,sroE,4,10,-1.13
tas,46,53,sroE,65,72,-1.8
lplT,61,69,sroE,2,10,-3.59
aas,111,135,sroE,46,73,-5.48
lysR_annot,91,97,sroE,32,38,-1.59
ygeA,40,46,sroE,17,23,-1.7
kduI,46,54,sroE,57,65,-5.69
yqeF,108,114,sroE,1,7,-1.87
yqeH,65,72,sroE,31,38,-0.78
yqeI,84,92,sroE,58,66,-1.68
yqeJ,38,44,sroE,86,92,-0.98
yqeL,140,146,sroE,30,36,-0.5
ygeF,168,174,sroE,86,92,-1.17
ygeG,36,42,sroE,86,92,-0.85
ygeH_annot,10,16,sroE,2,8,-1.16
pbl,135,141,sroE,3,9,-3.93
ygeK,11,17,sroE,60,66,-3.95
ygeO,137,143,sroE,61,67,-2.48
insC1,1,7,sroE,60,66,-5
ygeQ,146,152,sroE,31,37,-0.55
ygeR,141,147,sroE,59,65,-2.22
xdhA_annot,141,150,sroE,1,10,-1.47
xdhB,15,21,sroE,59,65,-2.56
xdhC,16,22,sroE,86,92,-0.96
ygeV_annot,6,28,sroE,61,86,-2.57
ygeW,104,110,sroE,86,92,-0.27
yqeA,105,111,sroE,86,92,-0.83
yqeC,38,46,sroE,2,10,-1.99
mocA,165,171,sroE,59,65,-2.72
ygfK_annot,35,41,sroE,61,67,-2.96
ssnA_annot,209,217,sroE,2,10,-2.57
guaD,118,124,sroE,2,8,-5.2
ghxQ,30,36,sroE,2,8,-3.5
ygfT,22,28,sroE,32,38,-1.96
uacT,191,197,sroE,32,38,-3.08
idi,98,105,sroE,31,38,-0.83
lysS,11,17,sroE,86,92,-0.62
dsbC_annot,826,833,sroE,1,8,-0.7
xerD_annot,180,186,sroE,2,8,-3.5
fldB_annot,28,35,sroE,1,8,-3.02
sdhE_annot,99,105,sroE,32,38,-1.84
yqfA,179,187,sroE,58,66,-0.06
yqfB,127,137,sroE,68,78,-1.38
gcvH,153,159,sroE,86,92,-0.76
ubiI,111,117,sroE,60,66,-1.83
pepP,6,12,sroE,32,38,-0.9
zapA,175,181,sroE,2,8,-0.08
ibsC,4,10,sroE,1,7,-3.9
serA_annot,30,42,sroE,56,70,-0.94
yqfE,23,29,sroE,59,65,-3.3
argK,172,178,sroE,47,53,-0.02
scpB,55,61,sroE,61,67,-2.05
scpC,108,114,sroE,61,67,-2.1
yggE_annot,40,47,sroE,15,22,-2.87
argO_annot,29,35,sroE,57,63,-1.25
mscS_annot,78,84,sroE,1,7,-0.93
epd_annot,138,144,sroE,30,36,-0.1
yggC,190,196,sroE,2,8,-3.21
yggD,167,173,sroE,86,92,-0.55
yggF,127,134,sroE,2,9,-3.79
yggP,101,107,sroE,86,92,-0.44
cmtB,140,148,sroE,30,38,-1.6
tktA_annot,83,89,sroE,86,92,-0.31
loiP_annot,22,28,sroE,86,92,-0.78
yqgB,94,100,sroE,59,65,-2.99
metK_annot,32,40,sroE,57,65,-5.43
galP_annot,2,8,sroE,86,92,-1.11
yggI,2,15,sroE,15,24,-1.46
gshB,13,19,sroE,3,9,-2.36
yqgE,128,134,sroE,46,52,-1.47
yqgF,37,44,sroE,17,24,-1.6
yggR,123,132,sroE,60,69,-4.42
yggS,40,46,sroE,1,7,-4.24
yggT,106,112,sroE,2,8,-0.28
yggU,96,102,sroE,1,7,-0.03
yggW,184,190,sroE,2,8,-0.54
yggM,136,142,sroE,2,8,-0.65
yggN_annot,206,218,sroE,55,69,-1.37
yggL,17,23,sroE,4,10,-3.8
trmI,27,33,sroE,32,38,-2.17
yggX_annot,85,91,sroE,86,92,-0.5
mltC,26,32,sroE,86,92,-1.06
nupG_annot,41,47,sroE,5,11,-0.42
yqgA,120,127,sroE,71,78,-1.26
yghD,187,196,sroE,16,25,-3.36
yghF,33,39,sroE,61,67,-1.56
yghG,186,192,sroE,86,92,-0.68
pppA,108,117,sroE,57,66,-3.07
sslE,92,98,sroE,1,7,-3.35
glcA,75,81,sroE,86,92,-0.46
glcB,63,69,sroE,59,65,-0.32
glcG,164,170,sroE,16,22,-3.08
glcE,27,54,sroE,46,77,-1.14
glcC_annot,11,17,sroE,57,63,-1.5
insH1,11,17,sroE,3,9,-2.54
yghS,4,10,sroE,60,66,-3.52
yghT,99,105,sroE,31,37,-2.22
gss_annot,14,20,sroE,60,66,-2.41
hybF,163,169,sroE,59,65,-3.27
hybD,153,159,sroE,60,66,-1.24
hybC,24,30,sroE,32,38,-1.3
yghW,2,8,sroE,4,10,-2.39
yghX,185,191,sroE,1,7,-2.57
gpr,179,185,sroE,1,7,-1.15
yqhA,24,30,sroE,2,8,-0.48
yghA,44,50,sroE,72,78,-1.59
exbD_annot,224,230,sroE,59,65,-1.14
metC_annot,40,46,sroE,86,92,-0.23
yghB_annot,125,132,sroE,3,10,-2.74
yqhC,14,21,sroE,57,64,-3.98
dkgA_annot,34,40,sroE,31,37,-1
yqhG_annot,29,35,sroE,32,38,-2.9
yqhH,149,155,sroE,61,67,-0.8
parC,2,9,sroE,2,9,-4.4
mqsA,7,13,sroE,58,64,-3.76
mqsR_annot,128,134,sroE,30,36,-2.98
ygiV,156,162,sroE,59,65,-1.55
ygiW,101,107,sroE,86,92,-0.43
qseB_annot,26,32,sroE,2,8,-4.4
ygiZ_annot,112,118,sroE,2,8,-0.51
ygiN,2,8,sroE,86,92,-0.82
yqiA,41,48,sroE,16,23,-2.88
nudF,6,12,sroE,60,66,-1.95
tolC_annot,112,118,sroE,86,92,-0.12
ygiB,118,124,sroE,30,36,-2.9
zupT_annot,115,121,sroE,60,66,-0.71
ribB,20,28,sroE,1,9,-6.95
yqiC,149,155,sroE,72,78,-0.88
ygiL,19,25,sroE,32,38,-2.07
insC1_annot,152,158,sroE,60,66,-1.41
yqiH,189,195,sroE,32,38,-2.24
yqiI,171,177,sroE,46,52,-0.32
glgS_annot,77,83,sroE,33,39,-0.13
yqiJ,171,177,sroE,85,91,-0.04
yqiK,133,139,sroE,58,64,-2.17
ibsE,87,93,sroE,86,92,-0.34
hldE,101,108,sroE,85,92,-0.6
ygiM_annot,245,251,sroE,57,63,-1.96
folB,182,188,sroE,60,66,-1.28
plsY,131,137,sroE,4,10,-2.89
ttdR_annot,75,83,sroE,57,65,-3.06
ttdB,95,102,sroE,1,8,-4.44
tsaD,83,90,sroE,18,25,-1.66
rpsU_annot,4,11,sroE,85,92,-0.93
rpoD_annot,192,198,sroE,60,66,-3.01
mug,80,86,sroE,59,65,-3.03
yqjH_annot,117,123,sroE,2,8,-1.85
ebgR_annot,15,21,sroE,86,92,-1.29
ebgC,161,167,sroE,71,77,-0.01
ygjI,180,186,sroE,1,7,-4.84
ygjK,183,189,sroE,86,92,-0.59
fadH_annot,86,92,sroE,2,8,-6.18
higA,82,88,sroE,32,38,-2.78
higB_annot,19,25,sroE,86,92,-0.14
ygjR_annot,24,31,sroE,1,8,-2.55
sstT_annot,66,72,sroE,86,92,-0.14
uxaA,174,180,sroE,60,66,-2.37
exuT_annot,9,15,sroE,33,39,-1.19
yqjA_annot,304,310,sroE,1,7,-2.61
mzrA,1,7,sroE,32,38,-2.48
yqjE,113,119,sroE,5,11,-0.95
yqjK,36,42,sroE,2,8,-3.14
yqjF,101,107,sroE,86,92,-0.23
yqjG,18,24,sroE,86,92,-0.48
yhaH,172,178,sroE,58,64,-3.03
yhaI,172,178,sroE,58,64,-2.79
yhaK,81,87,sroE,86,92,-0.17
yhaL,186,192,sroE,86,92,-0.99
yhaM,45,51,sroE,57,63,-4.39
yhaO,101,107,sroE,86,92,-0.23
tdcF,23,29,sroE,72,78,-0.95
tdcE,183,189,sroE,60,66,-2.01
tdcD,188,194,sroE,60,66,-3.01
yhaB,134,141,sroE,62,69,-1.34
yhaC,99,105,sroE,59,65,-2.3
garK,179,186,sroE,53,60,-0.4
garR,147,153,sroE,86,92,-0.14
garL,109,117,sroE,57,65,-6.05
garD,146,152,sroE,86,92,-0.48
prlF_annot,28,34,sroE,32,38,-2.94
agaV,98,104,sroE,46,52,-0.37
agaW,24,30,sroE,17,23,-0.12
agaS_annot,85,91,sroE,32,38,-0.08
agaC,9,16,sroE,57,64,-2.37
agaD,117,123,sroE,86,92,-1.37
yraH,4,10,sroE,61,67,-1.37
yraI,22,28,sroE,2,8,-2.09
yraJ,163,169,sroE,1,7,-1.75
yraK,93,99,sroE,86,92,-0.52
rsmI,190,196,sroE,2,8,-1.03
lpoA,135,142,sroE,1,8,-4.39
diaA,152,171,sroE,12,31,-5.75
yraP_annot,302,332,sroE,52,75,-4.4
yhbP,62,68,sroE,2,8,-3.3
yhbQ,41,47,sroE,57,63,-5.4
yhbS,57,63,sroE,86,92,-1
yhbV,36,42,sroE,60,66,-3.83
yhbW,116,123,sroE,3,10,-0.7
mtr_annot,199,206,sroE,57,64,-2.81
deaD,24,30,sroE,61,67,-0.09
yrbN_annot,52,58,sroE,30,36,-1.51
nlpI,120,127,sroE,57,64,-2.56
rpsO_annot,38,44,sroE,30,36,-2.52
rbfA,181,187,sroE,85,91,-0.13
nusA,147,153,sroE,15,21,-0.85
argG_annot,12,18,sroE,86,92,-0.18
yhbX,1,7,sroE,57,63,-2.85
secG_annot,98,149,sroE,32,81,-3.38
folP,166,172,sroE,5,11,-0.95
rlmE_annot,186,193,sroE,3,10,-1.25
dacB,147,154,sroE,59,66,-4.79
obgE,37,43,sroE,4,10,-1.57
yhbE,12,18,sroE,2,8,-3.01
rpmA,108,114,sroE,86,92,-0.76
murA,157,163,sroE,71,77,-0.04
ibaG_annot,45,52,sroE,57,64,-3.47
mlaB,143,149,sroE,1,7,-1.46
mlaC,6,12,sroE,86,92,-1.08
mlaD,79,87,sroE,58,66,-1.89
mlaE,173,180,sroE,59,66,-4.38
mlaF,35,41,sroE,2,8,-1.67
kdsD,50,56,sroE,59,65,-0.5
kdsC_annot,607,613,sroE,1,7,-4.43
lptB_annot,595,601,sroE,4,10,-2.61
rpoN_annot,140,147,sroE,71,78,-1.13
ptsN,133,139,sroE,59,65,-2.92
yhbJ,79,85,sroE,1,7,-4.17
npr,9,15,sroE,60,66,-1.87
yrbL_annot,107,113,sroE,71,77,-1.67
mtgA,192,200,sroE,1,9,-3.11
elbB,165,171,sroE,59,65,-2.59
arcB_annot,94,101,sroE,59,66,-5.44
gltB_annot,111,119,sroE,16,24,-5.83
gltD,110,116,sroE,58,64,-3.63
gltF,97,107,sroE,57,66,-1.89
yhcA,65,71,sroE,1,7,-0.52
insH1,98,105,sroE,3,10,-0.65
yhcH,160,166,sroE,2,8,-4
nanK,84,90,sroE,86,92,-0.7
nanE,3,9,sroE,46,52,-1.25
nanT,146,152,sroE,30,36,-2.7
nanR,186,192,sroE,86,92,-0.53
dcuD_annot,285,291,sroE,59,65,-4.64
rpsI,151,157,sroE,3,9,-1.95
zapE,21,27,sroE,4,10,-4.1
yhcB_annot,82,88,sroE,33,39,-0.61
degQ_annot,165,171,sroE,4,10,-2.83
degS_annot,25,32,sroE,3,10,-2.47
mdh_annot,38,44,sroE,4,10,-0.45
argR_annot,69,75,sroE,59,65,-2.1
yhcN,26,32,sroE,60,66,-1.46
aaeA,31,37,sroE,1,7,-1.07
tldD,58,64,sroE,86,92,-0.39
yhdP,101,108,sroE,17,24,-2.63
rng,192,200,sroE,16,24,-6.68
mreD,170,176,sroE,32,38,-1.85
mreC,2,8,sroE,30,36,-3.62
mreB_annot,291,297,sroE,57,63,-2.48
csrD,8,14,sroE,86,92,-0.55
acuI,79,87,sroE,30,38,-5.08
yrdE,147,153,sroE,2,8,-2.03
accB_annot,206,212,sroE,46,52,-1.77
accC,91,97,sroE,17,23,-3.52
yhdT_annot,55,61,sroE,16,22,-3.37
prmA,98,104,sroE,46,52,-0.91
dusB_annot,113,119,sroE,1,7,-3.53
fis,82,88,sroE,86,92,-0.42
yhdJ,101,107,sroE,86,92,-0.41
acrS,15,21,sroE,31,37,-0.66
yhdV,101,107,sroE,86,92,-0.55
yhdW_annot,248,255,sroE,59,66,-3.02
yhdX,78,84,sroE,1,7,-2.91
yrdA,107,114,sroE,57,64,-3.35
yrdB,160,166,sroE,57,63,-1.19
aroE,33,39,sroE,16,22,-1.6
tsaC,192,199,sroE,59,66,-3.8
rplQ,98,106,sroE,30,38,-1.49
rpsD,24,30,sroE,64,70,-1.72
rpsM_annot,125,131,sroE,33,39,-1.05
rpmJ,95,101,sroE,86,92,-0.77
rpmD,4,10,sroE,31,37,-1.83
rpsE,183,189,sroE,32,38,-1.91
rplR,186,192,sroE,32,38,-1.54
rplF,149,155,sroE,86,92,-1.05
rpsH,91,97,sroE,86,92,-0.84
rplE,183,189,sroE,64,70,-0.44
rplX,147,153,sroE,86,92,-1.07
rplN_annot,123,129,sroE,4,10,-2.51
rpsQ,129,138,sroE,1,10,-3.94
rpmC,8,14,sroE,59,65,-1.97
rpsC,3,9,sroE,32,38,-1.08
rplV,177,183,sroE,86,92,-0.92
rpsS,98,104,sroE,46,52,-2.82
rplW,2,8,sroE,30,36,-0.45
rplC,117,123,sroE,86,92,-0.04
rpsJ_annot,171,177,sroE,31,37,-1.14
gspB,1,7,sroE,72,78,-0.61
gspA_annot,312,319,sroE,18,25,-1.01
gspC_annot,89,95,sroE,30,36,-2.35
gspD,58,65,sroE,57,64,-4.72
gspG,76,82,sroE,61,67,-3.4
gspJ,59,66,sroE,1,8,-3.62
gspK,141,148,sroE,2,9,-1.09
gspL,194,200,sroE,30,36,-1.91
bfr,190,196,sroE,58,64,-4.62
bfd,53,59,sroE,86,92,-0.6
tufA_annot,244,252,sroE,30,38,-3.41
fusA_annot,227,233,sroE,72,78,-1.04
rpsG,111,117,sroE,4,10,-2.09
tusB,72,78,sroE,59,65,-4.19
tusC,50,58,sroE,15,23,-1.2
yheO_annot,89,95,sroE,58,64,-1.09
fkpA_annot,38,44,sroE,71,77,-0.12
slyX,184,190,sroE,5,11,-0.22
kefG,73,79,sroE,30,36,-1.23
yheS,46,52,sroE,30,36,-1.62
yheT,160,166,sroE,30,36,-2.08
yheU,98,106,sroE,2,10,-2.33
prkB_annot,4,10,sroE,30,36,-1.71
crp_annot,122,128,sroE,1,7,-3.82
fic,155,161,sroE,32,38,-1.55
ppiA_annot,151,157,sroE,3,9,-2.76
nirB_annot,2,8,sroE,86,92,-1.23
nirC,100,106,sroE,58,64,-1.26
yhfL,145,151,sroE,2,8,-3.36
frlB,78,84,sroE,59,65,-2.55
frlC,101,107,sroE,86,92,-0.58
frlD,183,189,sroE,60,66,-4.99
yhfS,136,143,sroE,16,23,-2.66
yhfU,57,63,sroE,4,10,-2.05
yhfW,114,120,sroE,59,65,-0.41
yhfY,135,141,sroE,1,7,-0.27
rpe_annot,116,131,sroE,55,69,-3.83
dam_annot,340,346,sroE,86,92,-0.2
damX_annot,195,201,sroE,72,78,-0.42
aroB,93,102,sroE,1,10,-5.36
hofO,16,40,sroE,49,72,-6.92
hofM_annot,246,254,sroE,16,24,-5.57
yrfF,40,46,sroE,4,10,-2.77
yrfG,99,106,sroE,30,37,-3.12
hslR_annot,174,206,sroE,49,78,-2.05
pck_annot,143,149,sroE,2,8,-3.89
envZ,40,46,sroE,2,8,-3.84
ompR_annot,15,23,sroE,57,65,-6.15
greB,48,57,sroE,1,10,-2.15
feoA_annot,196,202,sroE,2,8,-2.43
feoB,152,158,sroE,1,7,-4.45
yhgA,183,189,sroE,3,9,-0.48
gntX_annot,168,174,sroE,1,7,-0.11
gntT_annot,177,183,sroE,60,66,-2.22
malQ_annot,326,332,sroE,61,67,-1.63
malP_annot,2,8,sroE,1,7,-4.06
rtcA,101,107,sroE,86,92,-0.47
rtcB_annot,65,71,sroE,86,92,-0.24
glpE_annot,9,15,sroE,86,92,-0.47
yzgL,188,194,sroE,46,52,-1.52
glgP,175,181,sroE,58,64,-3.31
glgA_annot,421,427,sroE,1,7,-1.71
glgC_annot,271,278,sroE,59,66,-3.03
asd,150,156,sroE,31,37,-0.59
gntR_annot,50,56,sroE,60,66,-1.74
yhhW,132,139,sroE,31,38,-0.88
yhhZ,6,12,sroE,30,36,-1.02
b3444,181,188,sroE,71,78,-1.89
insB1,173,196,sroE,46,77,-8.74
yrhB,44,50,sroE,60,66,-4.57
ggt,19,26,sroE,67,74,-2.25
ugpC,19,37,sroE,55,78,-4.46
ugpE,48,54,sroE,32,38,-1.59
ugpA,4,10,sroE,60,66,-6.45
ugpB_annot,36,44,sroE,2,10,-3.3
livF,166,172,sroE,17,23,-1.42
livM,141,147,sroE,59,65,-4.9
livH,133,139,sroE,58,64,-2.02
livK_annot,172,178,sroE,5,11,-1.45
panM,27,33,sroE,86,92,-0.16
livJ_annot,26,34,sroE,30,38,-3.1
rpoH_annot,300,306,sroE,59,65,-2.99
ftsX,123,129,sroE,32,38,-1.89
ftsE,161,168,sroE,3,10,-1.21
rsmD,156,163,sroE,18,25,-2.37
yhhM,26,34,sroE,16,25,-0.84
yhhN,184,190,sroE,58,64,-0.6
zntA_annot,27,33,sroE,46,52,-1.67
yhhQ,66,72,sroE,64,70,-2.39
dcrB,175,181,sroE,71,77,-0.05
yhhS,167,174,sroE,3,10,-2.55
yhhT,109,115,sroE,63,69,-1.67
acpT,44,50,sroE,17,23,-2.43
nikA_annot,185,191,sroE,32,38,-2.2
nikB,2,8,sroE,61,67,-3.84
nikC,52,58,sroE,72,78,-0.76
nikE,137,143,sroE,30,36,-1.31
rhsB,11,17,sroE,85,91,-0.35
yhhH,126,132,sroE,86,92,-1.08
yrhC,132,138,sroE,86,92,-1.04
yhhI,6,12,sroE,3,9,-0.26
rbbA,55,61,sroE,86,92,-0.62
yhiI,105,112,sroE,85,92,-0.29
yhiJ,173,179,sroE,2,8,-0.06
yhiM_annot,159,167,sroE,2,10,-4.29
uspB_annot,209,216,sroE,1,8,-2.13
prlC_annot,1,7,sroE,4,10,-1.02
gor_annot,138,144,sroE,4,10,-2.09
dinQ_annot,222,228,sroE,16,22,-2.09
arsR_annot,106,112,sroE,32,38,-0.95
arsB,98,106,sroE,2,10,-1.34
arsC,142,148,sroE,4,10,-2.58
insH1,47,53,sroE,86,92,-1.06
dctR,101,107,sroE,57,63,-2.96
yhiD,38,45,sroE,16,23,-1.61
hdeB,3,9,sroE,32,38,-2.64
hdeA_annot,68,74,sroE,1,7,-2.37
hdeD_annot,117,123,sroE,46,52,-0.41
gadE_annot,155,161,sroE,1,7,-3.04
mdtE_annot,82,88,sroE,64,70,-2.58
gadW_annot,178,184,sroE,61,67,-0.17
gadA_annot,73,79,sroE,3,9,-0.92
yhjA_annot,74,80,sroE,86,92,-0.62
yhjB,110,116,sroE,4,10,-0.78
yhjC_annot,372,378,sroE,58,64,-2.52
yhjE,88,94,sroE,86,92,-1.22
yhjG_annot,48,54,sroE,86,92,-0.59
yhjJ_annot,1,8,sroE,57,64,-4.05
yhjK,159,165,sroE,59,65,-0.82
bcsC,149,155,sroE,32,38,-1.04
bcsZ,12,18,sroE,60,66,-5.1
bcsQ,132,138,sroE,16,22,-2.12
bcsG,18,24,sroE,3,9,-2.53
ldrD_annot,17,26,sroE,16,25,-4.33
yhjV,70,76,sroE,18,24,-0.04
dppD,104,110,sroE,1,7,-0.33
dppB,100,106,sroE,2,8,-0.9
dppA_annot,38,44,sroE,59,65,-1.06
yhjY,48,54,sroE,31,37,-2.46
tag,183,189,sroE,86,92,-0.03
yiaC,182,188,sroE,86,92,-0.58
bisC,1,7,sroE,32,38,-0.77
yiaD,29,35,sroE,3,9,-2.08
ghrB,52,58,sroE,32,38,-0.2
yiaF_annot,127,134,sroE,57,64,-1.67
yiaG_annot,55,61,sroE,86,92,-0.73
cspA_annot,252,259,sroE,30,37,-2.19
yiaA,39,45,sroE,56,62,-0.42
yiaB,140,150,sroE,15,24,-3.46
xylA_annot,68,75,sroE,3,10,-0.77
xylH,46,52,sroE,33,39,-0.6
xylR_annot,2,8,sroE,86,92,-1.05
bax,157,164,sroE,57,64,-3.82
ysaA,180,187,sroE,85,92,-0.4
yiaJ_annot,7,13,sroE,86,92,-0.88
yiaL,189,195,sroE,72,78,-1.92
yiaM,15,21,sroE,59,65,-2.69
yiaN,191,198,sroE,59,66,-4.89
yiaO,182,188,sroE,3,9,-2.13
lyxK,85,92,sroE,16,23,-2.53
sgbH,38,44,sroE,1,7,-5.05
sgbU,126,132,sroE,86,92,-0.9
sgbE,100,106,sroE,2,8,-1.2
ysaC,72,78,sroE,1,7,-0.34
ysaD,56,62,sroE,57,63,-1.74
yiaT,100,106,sroE,2,8,-2.95
yiaU,171,177,sroE,46,52,-2.13
yiaV,144,151,sroE,58,65,-4.13
yiaW,63,69,sroE,2,8,-0.42
aldB_annot,77,86,sroE,59,69,-2.33
selB,122,128,sroE,2,8,-3.79
yibA,154,160,sroE,60,66,-4.74
yibS,84,90,sroE,86,92,-0.42
yibW,78,84,sroE,57,63,-2.54
yibU,24,30,sroE,86,92,-0.77
yibI,101,107,sroE,57,63,-1.54
mtlA_annot,76,82,sroE,86,92,-0.12
mtlD,74,80,sroE,86,92,-0.34
mtlR,68,74,sroE,17,23,-1.41
yibT,12,27,sroE,60,75,-5.42
yibL,3,11,sroE,2,10,-2.47
lldR,97,103,sroE,61,67,-0.97
trmL,110,116,sroE,32,38,-0.44
gpsA,107,124,sroE,61,77,-1.16
grxC,106,112,sroE,59,65,-5.12
yibN_annot,235,243,sroE,2,10,-2.63
gpmM_annot,72,78,sroE,59,65,-4.92
waaH_annot,91,98,sroE,59,66,-1.76
tdh,107,113,sroE,1,7,-1.93
kbl_annot,108,114,sroE,4,10,-0.9
yibB,177,183,sroE,86,92,-0.49
waaF,101,107,sroE,86,92,-0.24
waaC,148,154,sroE,2,8,-1.29
waaL,184,190,sroE,57,63,-2.63
waaZ,168,174,sroE,1,7,-0.29
waaY_annot,236,242,sroE,60,66,-5.22
waaR,177,183,sroE,58,64,-3.76
waaO,109,116,sroE,57,64,-1.5
waaB,163,169,sroE,59,65,-2.11
waaS,176,182,sroE,86,92,-1.17
waaP,176,183,sroE,18,25,-0.5
waaQ_annot,158,165,sroE,1,8,-1.5
waaA_annot,31,38,sroE,30,37,-1.78
coaD,189,198,sroE,1,10,-5.55
mutM_annot,95,101,sroE,31,37,-1.08
rpmG,22,28,sroE,86,92,-0.7
rpmB_annot,266,273,sroE,16,23,-3.56
dfp_annot,42,48,sroE,86,92,-0.18
slmA,193,199,sroE,5,11,-0.01
pyrE,73,79,sroE,86,92,-1.04
yicC_annot,118,124,sroE,1,7,-2.32
yicG,152,158,sroE,16,22,-1
ligB,58,67,sroE,1,10,-4.5
rpoZ_annot,57,63,sroE,86,92,-0.11
trmH,91,100,sroE,57,66,-4.6
gltS,101,107,sroE,57,63,-2
xanP,98,104,sroE,60,66,-3.44
yicJ_annot,818,824,sroE,59,65,-3.34
setC,185,193,sroE,15,24,-3.7
yicL,55,61,sroE,32,38,-3.09
nlpA_annot,17,23,sroE,86,92,-0.97
yicS,152,160,sroE,30,38,-2.13
yicN,132,139,sroE,58,65,-3.03
adeQ,5,11,sroE,60,66,-3.57
adeD_annot,146,152,sroE,32,38,-0.07
uhpT_annot,64,120,sroE,31,83,-7.52
uhpC,76,83,sroE,71,78,-0.93
uhpB,107,113,sroE,1,7,-1.88
uhpA,9,17,sroE,57,65,-2.22
ilvN,98,104,sroE,46,52,-2.18
ilvB,122,128,sroE,72,78,-1.3
tisB_annot,73,79,sroE,72,78,-0.12
yidF,28,34,sroE,59,65,-2.57
yidH,101,107,sroE,86,92,-0.13
yidI,42,48,sroE,85,91,-0.2
yidJ,54,60,sroE,5,11,-0.4
yidL_annot,58,64,sroE,86,92,-0.67
glvG,112,118,sroE,61,67,-1.61
glvC,132,138,sroE,59,65,-4.7
yidP,27,34,sroE,57,64,-1.02
yidE,77,83,sroE,1,7,-1.93
ibpB_annot,176,182,sroE,67,73,-0.13
yidQ_annot,116,122,sroE,1,7,-0.12
cbrA,32,38,sroE,32,38,-3.16
dgoT,139,145,sroE,1,7,-2.11
dgoD,101,107,sroE,86,92,-0.55
dgoA,157,165,sroE,15,23,-3.55
dgoR,190,196,sroE,17,23,-0.59
yidX,25,44,sroE,10,29,-1.28
yidA,8,14,sroE,2,8,-4.37
recF_annot,216,222,sroE,2,8,-3.34
dnaN_annot,83,92,sroE,15,24,-5.93
dnaA_annot,184,191,sroE,57,64,-5.44
rpmH_annot,25,70,sroE,40,82,-3.76
yidC,177,183,sroE,86,92,-0.8
mnmE,97,103,sroE,5,11,-0.36
tnaA,93,99,sroE,4,10,-0.31
tnaB,61,68,sroE,62,69,-0.28
mdtL,50,56,sroE,64,70,-0.07
chrR,124,130,sroE,2,8,-2.95
adeP,15,21,sroE,86,92,-0.95
yieH,183,191,sroE,57,65,-8.5
cbrC,92,99,sroE,57,64,-2.43
yieL,107,113,sroE,86,92,-0.64
bglH,65,71,sroE,2,8,-1.3
bglF,138,144,sroE,16,22,-3.42
bglG_annot,231,237,sroE,16,22,-2.72
phoU_annot,83,89,sroE,1,7,-2.15
pstB_annot,88,94,sroE,30,36,-0.33
pstC_annot,238,244,sroE,60,66,-2.57
glmS,37,43,sroE,17,23,-2.52
atpD,152,166,sroE,50,71,-2.73
atpA,156,163,sroE,59,66,-2.89
atpF,135,141,sroE,3,9,-3.29
atpB_annot,84,90,sroE,59,65,-3.83
atpI_annot,38,44,sroE,31,37,-0.01
mnmG_annot,14,46,sroE,3,37,-6.16
asnA_annot,20,26,sroE,86,92,-0.79
viaA,120,126,sroE,60,66,-1.71
kup_annot,101,107,sroE,60,66,-1.83
rbsD_annot,30,36,sroE,86,92,-0.7
rbsC,77,83,sroE,4,10,-2.76
rbsB,107,113,sroE,86,92,-0.65
rbsR,157,165,sroE,1,9,-6.16
hsrA,108,114,sroE,86,92,-0.56
yieP,1,7,sroE,60,66,-2.06
hdfR_annot,21,27,sroE,33,39,-1.25
yifE,19,26,sroE,57,64,-3.76
ilvL_annot,13,19,sroE,86,92,-0.87
ilvM,117,123,sroE,60,66,-3.67
ilvE_annot,27,33,sroE,2,8,-3.16
ilvA_annot,174,180,sroE,17,23,-2.36
ilvY_annot,123,129,sroE,2,8,-3.31
ilvC_annot,42,48,sroE,5,11,-1.61
ppiC_annot,25,31,sroE,33,39,-0.2
yifN,54,60,sroE,1,7,-2.18
trxA_annot,58,65,sroE,59,66,-2.18
wecA_annot,77,83,sroE,32,38,-0.87
wecB,96,102,sroE,60,66,-3.18
wecC,189,195,sroE,60,66,-0.85
rffG,154,160,sroE,1,7,-2.75
wecD,176,182,sroE,4,10,-2.46
wecE,64,70,sroE,86,92,-1.23
wecF,75,81,sroE,57,63,-1.95
wzyE,19,25,sroE,86,92,-1.08
wecG,128,134,sroE,30,36,-0.49
yifK,39,45,sroE,60,66,-3.53
aslA,49,56,sroE,71,78,-0.47
hemY,177,183,sroE,4,10,-0.54
hemX,192,198,sroE,86,92,-1.43
hemC,109,117,sroE,57,65,-5.37
cyaA_annot,50,57,sroE,59,66,-5.19
cyaY,8,14,sroE,32,38,-1.2
yifL_annot,31,37,sroE,86,92,-0.27
dapF,15,21,sroE,86,92,-0.79
xerC,135,142,sroE,1,8,-2.56
yigB,57,63,sroE,60,66,-1.84
uvrD_annot,104,110,sroE,61,67,-1.28
corA_annot,230,236,sroE,32,38,-0.2
yigF,135,141,sroE,86,92,-0.17
yigG,62,68,sroE,46,52,-3.51
yigI_annot,75,81,sroE,58,64,-0.08
pldA_annot,78,84,sroE,58,64,-1.14
recQ,91,97,sroE,17,23,-0.06
rhtC,104,111,sroE,59,66,-2.87
pldB,99,107,sroE,57,65,-6.62
yigL,133,139,sroE,2,8,-4.56
yigM,167,173,sroE,18,24,-0.19
metE_annot,202,208,sroE,3,9,-2.14
ysgA_annot,13,19,sroE,2,8,-0.05
udp_annot,53,60,sroE,57,64,-1.7
rmuC,96,102,sroE,1,7,-1.74
ubiE,30,36,sroE,86,92,-0.12
tatB,81,87,sroE,86,92,-0.73
tatD,100,106,sroE,58,64,-2.45
ubiD,10,16,sroE,1,7,-3.13
fre_annot,151,157,sroE,32,38,-0.97
pepQ_annot,43,49,sroE,32,38,-0.6
yigZ,171,177,sroE,59,65,-2.31
hemG,101,107,sroE,86,92,-0.04
mobB,31,37,sroE,32,38,-2.18
mobA_annot,81,87,sroE,2,8,-3.84
srkA_annot,4,12,sroE,57,65,-4.16
dsbA_annot,42,48,sroE,86,92,-0.81
yihF,131,139,sroE,2,10,-0.52
yihA,19,25,sroE,71,77,-2.17
yihI_annot,74,81,sroE,31,38,-1.55
yshB,173,179,sroE,46,52,-0.84
typA,24,30,sroE,58,64,-2.14
yihL,23,29,sroE,32,38,-3.04
yihM,93,100,sroE,57,64,-0.9
yihN,11,18,sroE,30,37,-3.42
ompL,25,31,sroE,1,7,-3.16
yihO,83,89,sroE,1,7,-2.21
yihT,149,155,sroE,46,52,-1.95
yihU,110,117,sroE,3,10,-2.01
yihV,71,94,sroE,53,76,-6.4
yihY,183,189,sroE,86,92,-0.37
dtd,182,189,sroE,59,66,-1.78
yiiF,158,164,sroE,16,22,-1.12
fdhD,63,69,sroE,59,65,-1.36
yiiG,146,162,sroE,54,70,-2.95
frvR,67,73,sroE,72,78,-0.67
frvB,77,83,sroE,63,69,-1.62
rhaM,119,125,sroE,32,38,-1.75
rhaA,173,180,sroE,15,22,-1.56
rhaS_annot,119,125,sroE,5,11,-0.12
rhaR,39,45,sroE,72,78,-0.62
rhaT_annot,126,132,sroE,86,92,-0.53
kdgT,75,81,sroE,85,91,-0.36
yiiM,114,120,sroE,60,66,-0.78
cpxA,173,180,sroE,59,66,-3.29
pfkA_annot,92,98,sroE,60,66,-3.01
sbp,37,45,sroE,58,66,-5.95
tpiA_annot,15,22,sroE,17,24,-2.3
yiiQ,158,164,sroE,16,22,-1.96
yiiS_annot,89,95,sroE,16,22,-0.51
uspD,138,144,sroE,86,92,-0.54
glpX,183,189,sroE,86,92,-0.08
glpF_annot,153,159,sroE,2,8,-1.84
zapB,118,124,sroE,58,64,-3.15
hslV_annot,130,136,sroE,2,8,-0.22
ftsN,114,120,sroE,4,10,-0.51
priA,113,119,sroE,2,8,-4.53
rpmE_annot,19,26,sroE,32,39,-0.62
yiiX,56,63,sroE,1,8,-3.07
metL,95,104,sroE,83,92,-0.74
fsaB,1,8,sroE,30,37,-3.89
frwA,164,170,sroE,2,8,-1.52
frwB,164,171,sroE,15,22,-3.8
pflD,108,114,sroE,32,38,-1.2
pflC,135,141,sroE,1,7,-4.41
frwD,7,13,sroE,86,92,-0.26
yijO,2,9,sroE,58,65,-6.87
eptC,100,106,sroE,30,36,-0.04
ppc_annot,167,173,sroE,2,8,-2.08
argE_annot,165,171,sroE,60,66,-0.9
argC_annot,115,121,sroE,59,65,-4.85
argB,152,158,sroE,16,22,-2.48
oxyR_annot,109,115,sroE,2,8,-1.23
fabR,4,12,sroE,2,10,-3.24
btuB_annot,185,191,sroE,4,10,-3.34
murI,22,28,sroE,4,10,-0.15
murB,188,194,sroE,61,67,-1.95
birA,28,34,sroE,60,66,-2.03
coaA_annot,169,175,sroE,1,7,-3.96
tufB,98,104,sroE,60,66,-3.36
secE_annot,149,155,sroE,58,64,-3.07
rplK_annot,40,71,sroE,1,37,-1.13
rplJ_annot,148,154,sroE,86,92,-0.23
rplL,192,200,sroE,58,66,-4.5
rpoB_annot,117,123,sroE,59,65,-0.88
thiG,103,109,sroE,4,10,-0.98
rsd_annot,144,150,sroE,32,38,-2
nudC,60,66,sroE,2,8,-3.64
hemE,153,159,sroE,60,66,-0.33
yjaG,100,106,sroE,2,8,-3.18
hupA_annot,64,70,sroE,61,67,-1.97
yjaH,194,200,sroE,33,39,-0.86
purD,68,74,sroE,30,36,-0.58
purH_annot,130,139,sroE,57,66,-4.69
yjaB,65,71,sroE,2,8,-3.35
aceA,110,116,sroE,30,36,-2.67
arpA,192,198,sroE,86,92,-0.87
metH_annot,209,216,sroE,59,66,-3.83
yjbB_annot,64,70,sroE,57,63,-1.68
pepE,155,161,sroE,30,36,-2.25
yjbD,64,70,sroE,30,36,-1.91
lysC_annot,111,142,sroE,49,75,-2.27
pgi_annot,37,43,sroE,86,92,-0.4
yjbE_annot,3,10,sroE,57,64,-3.47
yjbG,49,55,sroE,72,78,-0.42
yjbH,101,107,sroE,86,92,-1.08
yjbT,82,88,sroE,59,65,-2.19
xylE,57,63,sroE,72,78,-0.67
malG,179,186,sroE,3,10,-1.6
malE_annot,52,58,sroE,86,92,-0.34
lamB,10,16,sroE,86,92,-0.09
malM,178,184,sroE,59,65,-2.05
yjbI,3,9,sroE,61,67,-2.25
ubiC_annot,38,46,sroE,1,9,-2.87
ubiA,172,178,sroE,2,8,-2.5
dgkA_annot,92,100,sroE,57,66,-4.66
yjbJ,41,47,sroE,3,9,-0.49
zur,38,47,sroE,57,66,-2.43
yjbL,98,106,sroE,2,10,-1.06
yjbM,68,74,sroE,57,63,-0.28
pspG_annot,58,64,sroE,32,38,-2.52
qorA_annot,11,17,sroE,86,92,-1.25
alr_annot,21,27,sroE,5,11,-1.04
tyrB_annot,33,39,sroE,57,63,-3.91
yjbS,23,29,sroE,86,92,-0.69
aphA,26,32,sroE,1,7,-1.71
yjbQ_annot,118,124,sroE,2,8,-2.02
yjbR,94,100,sroE,86,92,-0.37
ssb_annot,121,131,sroE,16,25,-3.6
yjcB_annot,183,190,sroE,57,64,-5.05
soxS_annot,111,117,sroE,60,66,-0.1
soxR_annot,98,105,sroE,71,78,-1.08
ghxP_annot,148,155,sroE,57,64,-1.66
yjcE,70,76,sroE,33,39,-1.82
yjcF,125,131,sroE,57,63,-2.53
yjcH,194,200,sroE,32,38,-0.12
acs_annot,296,302,sroE,17,23,-2.33
nrfA_annot,48,54,sroE,86,92,-0.89
nrfC,44,50,sroE,72,78,-1.28
nrfE,74,80,sroE,1,7,-1.97
gltP,54,60,sroE,3,9,-0.42
yjcO,87,93,sroE,32,38,-1.16
mdtP,183,189,sroE,86,92,-0.45
mdtO,183,189,sroE,4,10,-1.03
mdtN,36,59,sroE,46,69,-1.4
yjcS,142,148,sroE,2,8,-1.75
alsK,85,92,sroE,18,25,-1.28
alsE,119,125,sroE,60,66,-2.94
alsC,119,125,sroE,86,92,-0.11
alsB,143,150,sroE,59,66,-3.44
alsR_annot,168,191,sroE,54,78,-3.81
rpiB_annot,51,58,sroE,57,64,-2.37
phnO,22,28,sroE,30,36,-2.03
phnN,52,58,sroE,32,38,-1.36
phnM,158,164,sroE,16,22,-2.02
phnL,90,96,sroE,17,23,-3.05
phnI,170,176,sroE,17,23,-3.38
phnG,9,15,sroE,63,69,-0.3
phnF,83,90,sroE,18,25,-0.46
yjdN,98,104,sroE,32,38,-3.29
pmrR,138,144,sroE,72,78,-0.28
basS,169,175,sroE,58,64,-1.05
eptA,1,8,sroE,62,69,-1.66
adiC_annot,247,257,sroE,57,66,-3.15
adiY_annot,32,39,sroE,31,38,-3.51
fumB_annot,102,110,sroE,2,10,-2.99
dcuB_annot,347,354,sroE,1,8,-4.27
dcuR_annot,400,408,sroE,16,24,-5.71
dcuS_annot,47,53,sroE,2,8,-2.11
yjdI,153,159,sroE,60,66,-2.74
yjdJ,2,9,sroE,32,39,-2.77
ghoS_annot,99,106,sroE,59,66,-2.19
ghoT,94,100,sroE,86,92,-0.59
dtpC,48,54,sroE,31,37,-2.14
cadA,105,111,sroE,1,7,-4.03
cadB_annot,23,31,sroE,30,38,-1.55
cadC_annot,27,33,sroE,32,38,-0.78
yjdC_annot,30,36,sroE,86,92,-0.05
dsbD,165,171,sroE,72,78,-1.79
cutA_annot,44,50,sroE,86,92,-1.16
dcuA_annot,256,276,sroE,15,34,-1.44
yjeH,152,158,sroE,72,78,-0.35
groL_annot,158,164,sroE,4,10,-0.91
yjeI_annot,48,54,sroE,30,36,-0.91
yjeJ,5,13,sroE,1,9,-2.06
epmB,160,166,sroE,59,65,-0.79
efp_annot,175,183,sroE,2,10,-3.35
ecnB_annot,40,46,sroE,1,7,-3.23
blc_annot,22,29,sroE,30,37,-1.15
ampC_annot,119,125,sroE,63,69,-1.7
frdB,4,10,sroE,86,92,-1.07
frdA_annot,92,99,sroE,31,38,-1.33
yjeM,36,43,sroE,59,66,-5.2
yjeN,96,102,sroE,1,7,-0.22
psd_annot,144,150,sroE,86,92,-1.02
rsgA,62,69,sroE,57,64,-2.22
orn,3,13,sroE,31,41,-2.09
queG_annot,23,29,sroE,4,10,-1.34
nnr_annot,6,12,sroE,59,65,-6.04
tsaE,92,98,sroE,86,92,-0.04
amiB,18,26,sroE,16,24,-2.19
mutL_annot,457,463,sroE,86,92,-0.91
miaA_annot,204,210,sroE,86,92,-0.39
hfq_annot,84,90,sroE,72,78,-2.2
hflK,183,189,sroE,86,92,-0.4
yjeT,12,18,sroE,2,8,-2.59
purA_annot,39,45,sroE,32,38,-1.26
nsrR_annot,29,35,sroE,59,65,-5.13
rnr,192,198,sroE,86,92,-1.24
rlmB,43,49,sroE,4,10,-1.04
yjfI,41,47,sroE,4,10,-2.01
yjfJ,181,187,sroE,30,36,-0.54
yjfL,35,41,sroE,2,8,-1.81
yjfM,28,34,sroE,58,64,-2.03
yjfC,98,104,sroE,32,38,-3.03
bsmA_annot,19,25,sroE,3,9,-4.31
yjfP,74,80,sroE,32,38,-0.19
ulaG_annot,60,66,sroE,86,92,-0.47
ulaA_annot,81,87,sroE,57,63,-2.38
ulaC,106,112,sroE,4,10,-2.34
ulaD,111,117,sroE,59,65,-2.55
yjfY,111,117,sroE,57,63,-1.47
rpsR,105,112,sroE,1,8,-1.95
ytfA,69,75,sroE,60,66,-1.46
ytfF,51,57,sroE,4,10,-2.57
qorB,140,147,sroE,1,8,-2.26
cysQ,146,152,sroE,32,38,-0.06
ytfI,161,168,sroE,30,37,-1.71
ytfK_annot,145,174,sroE,10,38,-2.74
ytfL,155,161,sroE,60,66,-3.78
msrA_annot,99,105,sroE,86,92,-0.33
tamB,52,58,sroE,86,92,-0.06
ytfP,4,11,sroE,2,9,-6.78
chpS_annot,106,112,sroE,86,92,-0.28
chpB,104,110,sroE,86,92,-1.21
ppa_annot,83,90,sroE,1,8,-3.05
ytfR,61,67,sroE,32,38,-1.51
ytfT,7,15,sroE,30,38,-4.09
fbp,101,107,sroE,86,92,-0.22
mpl_annot,127,133,sroE,47,53,-0.8
yjgA,11,17,sroE,86,92,-0.27
cybC,171,177,sroE,63,69,-1.62
nrdD_annot,8,15,sroE,1,8,-3.17
treC,132,138,sroE,1,7,-3.45
treR_annot,83,89,sroE,2,8,-5.16
mgtL_annot,174,184,sroE,55,70,-1.52
mgtA,99,105,sroE,3,9,-0.47
ridA_annot,30,36,sroE,33,39,-0.6
pyrI,95,101,sroE,86,92,-0.47
pyrL_annot,218,224,sroE,60,66,-4.59
bdcA_annot,75,81,sroE,32,38,-0.01
bdcR,121,127,sroE,3,9,-2.97
tabA,179,185,sroE,2,8,-5.13
yjgN,194,200,sroE,1,7,-0.3
valS_annot,3,9,sroE,86,92,-0.15
holC,101,107,sroE,86,92,-0.37
pepA_annot,196,202,sroE,60,66,-2.29
lptF,15,51,sroE,47,78,-0.65
idnT,21,27,sroE,2,8,-0.95
idnO,18,25,sroE,15,22,-2.05
idnD_annot,1,7,sroE,16,22,-1.01
idnK_annot,99,105,sroE,1,7,-1.87
ahr,56,62,sroE,46,52,-1.83
insC1,105,111,sroE,60,66,-0.27
yjgZ,34,41,sroE,2,9,-4.57
yjhC,114,120,sroE,1,7,-0.91
ythA,164,171,sroE,63,70,-1.5
insI1,154,160,sroE,60,66,-4.19
insM,191,197,sroE,67,73,-0.2
yjhV,94,117,sroE,49,77,-3.16
fecE,86,92,sroE,86,92,-0.82
fecB,98,106,sroE,2,10,-0.27
fecR,19,28,sroE,57,66,-6
b4294,69,75,sroE,60,66,-3.42
insB1,143,150,sroE,31,38,-0.66
yjhU,16,22,sroE,32,38,-2.1
yjhF,96,102,sroE,1,7,-2.7
yjhH,42,48,sroE,32,38,-1.45
sgcR,1,7,sroE,16,22,-2.5
sgcE,179,191,sroE,46,59,-3.51
sgcQ,95,109,sroE,55,69,-0.54
sgcC,50,56,sroE,2,8,-4.46
sgcB,101,107,sroE,86,92,-0.54
sgcX,182,188,sroE,32,38,-0.6
yjhP,186,192,sroE,4,10,-0.16
yjhZ,149,155,sroE,57,63,-0.91
yjhR,22,28,sroE,86,92,-0.42
nanS,34,40,sroE,71,77,-0.38
nanM,13,19,sroE,58,64,-2.1
nanC_annot,289,295,sroE,31,37,-0.4
fimB_annot,178,184,sroE,2,8,-2.69
fimE_annot,218,245,sroE,49,75,-3.89
fimA_annot,331,337,sroE,59,65,-5.24
fimI,141,148,sroE,58,65,-5.4
fimC,117,123,sroE,60,66,-4.65
fimD,58,64,sroE,86,92,-0.68
gntP_annot,34,40,sroE,1,7,-2.6
uxuR_annot,181,187,sroE,33,39,-1.16
yjiC,9,15,sroE,30,36,-1.17
iraD_annot,31,38,sroE,1,8,-1.66
hypT,10,16,sroE,86,92,-0.3
yjiG,17,23,sroE,58,64,-3.44
kptA,69,75,sroE,86,92,-0.94
yjiJ,15,27,sroE,56,69,-5.31
yjiK,56,62,sroE,30,36,-0.89
yjiM,98,104,sroE,4,10,-0.99
yjiN,96,102,sroE,1,7,-4.44
mdtM,120,126,sroE,46,52,-2.94
yjiR,105,112,sroE,1,8,-4.08
yjiS,163,172,sroE,16,25,-1.95
yjiT,53,59,sroE,1,7,-2.17
yjiV,97,103,sroE,2,8,-1.04
symE_annot,139,145,sroE,4,10,-1.05
hsdS,180,186,sroE,86,92,-0.37
hsdR,47,53,sroE,1,7,-2.77
mrr,142,148,sroE,1,7,-3.08
yjiA,5,11,sroE,30,36,-0.94
yjiX,194,200,sroE,86,92,-0.81
yjiY_annot,21,27,sroE,63,69,-0.35
tsr_annot,245,251,sroE,2,8,-3.78
lgoT,190,196,sroE,72,78,-3.23
lgoR_annot,54,61,sroE,57,64,-3.54
lgoD,113,120,sroE,57,64,-3.07
opgB,190,196,sroE,2,8,-5.6
yjjA,39,45,sroE,86,92,-0.36
dnaC,101,107,sroE,86,92,-0.04
yjjB_annot,163,180,sroE,54,78,-2.01
yjjP_annot,69,75,sroE,72,78,-2.94
yjjQ_annot,158,164,sroE,2,8,-0.43
bglJ,140,146,sroE,86,92,-0.8
yjjZ_annot,25,33,sroE,2,10,-1.41
holD_annot,91,97,sroE,2,8,-4.71
rimI,116,123,sroE,63,70,-1.8
yjjG,175,182,sroE,57,64,-5.15
prfC,104,110,sroE,1,7,-3.49
osmY_annot,287,293,sroE,59,65,-2.42
ytjA,131,139,sroE,2,10,-1.97
yjjU,56,62,sroE,2,8,-1.05
yjjW,97,103,sroE,47,53,-0.41
yjjI,47,53,sroE,5,11,-1.1
deoC_annot,45,51,sroE,60,66,-3.92
deoA,141,149,sroE,30,38,-1.37
deoB_annot,43,49,sroE,30,36,-1.12
serB_annot,36,42,sroE,61,67,-0.17
radA,141,147,sroE,18,24,-0.75
ettA,121,127,sroE,30,36,-1.61
slt_annot,4,10,sroE,60,66,-0.62
yjjX,60,66,sroE,30,36,-0.53
ytjC,100,106,sroE,2,8,-3.99
creA_annot,146,155,sroE,57,66,-6.9
creB,163,169,sroE,2,8,-2.57
creD_annot,18,24,sroE,2,8,-0.51
arcA_annot,396,404,sroE,2,10,-3.6
yjjY,180,186,sroE,64,70,-1.1
yjtD,14,20,sroE,2,8,-3.15
